COD_CURSO,NOME_CURSO,TURNO,SITUACAO,NIVEL_CURSO,MODALIDADE,AREA_CONHECIMENTO,CAMPUS,DOC_AUTORIZACAO,DOC_RECONHECIMENTO,COD_EMEC
AP-GPPS,Aperfeiçoamento em Gestão e Planejamento em Política de Saúde,Diurno,Em atividade,Pós-Graduação Lato Sensu,Aperfeiçoamento,CIÊNCIAS HUMANAS,Campus - Setor Norte,,Resolução No. 01/2007 do Conselho Nacional de Educação,
PL - EEI,Especialização em Educação Escolar Indígena,Integral (Matutino e Vespertino),Em atividade,Pós-Graduação Lato Sensu,Especialização,CIÊNCIAS HUMANAS,Campus - Setor Norte,,,
PL- GSE,Especialização em Gestão de Sistemas Educacionais,Integral (Matutino e Vespertino),Em atividade,Pós-Graduação Lato Sensu,Especialização,EDUCAÇÃO,Campus - Setor Norte,,,
PL- HEH,Especialização em Historiagrafia e Ensino de História,Integral (Matutino e Vespertino),Em atividade,Pós-Graduação Lato Sensu,Especialização,HISTÓRIA,Campus - Setor Norte,,,
PL-AC,Especialização em Análises Clínicas,Vespertino,Em atividade,Pós-Graduação Lato Sensu,Especialização,FISIOTERAPIA E TERAPIA OCUPACIONAL                                                                  ,Unidades Urbanas Dispersas,,Resolução nº 013/2005,
PL-ADR,Especialização em Agricultura e Desenvolvimento Regional,Vespertino,Em atividade,Pós-Graduação Lato Sensu,Especialização,ADMINISTRAÇÃO,Campus - Setor Norte,,012/2003 - CONSEPE,
PL-AFCP,Especialização em Administração Financeira e Contábil Pública,Integral (Matutino e Vespertino),Em atividade,Pós-Graduação Lato Sensu,Especialização,ADMINISTRAÇÃO FINANCEIRA,Campus - Setor Norte,,,
PL-ALF,Especialização em Alfabetização,Integral (Matutino e Vespertino),Em atividade,Pós-Graduação Lato Sensu,Especialização,EDUCAÇÃO,Campus de Humaitá,,,
PL-AP,Especialização em Administração Pública,Integral (Matutino e Vespertino),Em atividade,Pós-Graduação Lato Sensu,Especialização,ADMINISTRAÇÃO PÚBLICA,Campus - Setor Norte,,,
PL-APE,Especialização em Avaliações e Perícias de Engenharia,Integral (Matutino e Vespertino),Em atividade,Pós-Graduação Lato Sensu,Especialização,CIENCIAS EXATAS E DA TERRA,Campus - Setor Norte,,,
PL-APM,Especialização em Administração Pública Municipal,Integral (Matutino e Vespertino),Em atividade,Pós-Graduação Lato Sensu,Especialização,ADMINISTRAÇÃO PÚBLICA,Campus - Setor Norte,,,
PL-ARH,Especialização em Administração de Recursos Humanos,Integral (Matutino e Vespertino),Em atividade,Pós-Graduação Lato Sensu,Especialização,ADMINISTRAÇÃO,Campus - Setor Norte,,,
PL-BC,Especialização em Biologia da Conservação,Integral (Matutino e Vespertino),Em atividade,Pós-Graduação Lato Sensu,Especialização,CIÊNCIAS BIOLÓGICAS,Campus de Humaitá,,,
PL-BE,Especialização em Biblioteca Escolar,Integral (Matutino e Vespertino),Em atividade,Pós-Graduação Lato Sensu,Especialização,BIBLIOTECONOMIA                                                                                     ,Campus - Setor Norte,,,
PL-CAI,Especialização em Circuitos Analógicos Integrados,Noturno,Em atividade,Pós-Graduação Lato Sensu,Especialização,ENGENHARIA ELÉTRICA,Campus - Setor Norte,,Resolução nº 012/2004,
PL-CDI,Especialização em Circuitos Digitais Integrados,Noturno,Em atividade,Pós-Graduação Lato Sensu,Especialização,ENGENHARIA ELÉTRICA,Campus - Setor Norte,,Resolução nº 012/2004,
PL-CEXT,Especialização em Comércio Exterior,Noturno,Em atividade,Pós-Graduação Lato Sensu,Especialização,ECONOMIA                                                                                            ,Campus - Setor Norte,,,
PL-CP,Especialização em Coordenação Pedagógica,Integral (Matutino e Vespertino),Em atividade,Pós-Graduação Lato Sensu,Especialização,EDUCAÇÃO,Campus - Setor Norte,,,
PL-DE,Especialização em Direito Eleitoral,Integral (Matutino e Vespertino),Em atividade,Pós-Graduação Lato Sensu,Especialização,DIREITO                                                                                             ,Campus - Setor Norte,Resolução n° 004/2019 CONSEPE,Resolução n° 004/2019 CONSEPE,
PL-DENT,Especialização em Dentística,Integral (Matutino e Vespertino),Em atividade,Pós-Graduação Lato Sensu,Especialização,CIÊNCIAS BIOLÓGICAS,Faculdade de Odontologia,,,
PL-DES,Especialização em Docência do Ensino Superior,Integral (Matutino e Vespertino),Em atividade,Pós-Graduação Lato Sensu,Especialização,EDUCAÇÃO,Campus de Parintins,,,
PL-DP,Especialização em Direito Público,Integral (Matutino e Vespertino),Em atividade,Pós-Graduação Lato Sensu,Especialização,DIREITO PÚBLICO,Campus - Setor Norte,,,
PL-DPC,Especialização em Direito Processual Civil,Vespertino,Em atividade,Pós-Graduação Lato Sensu,Especialização,DIREITO                                                                                             ,Campus - Setor Norte,,Resolução nº 033/97,
PL-DPPP,Especialização em Direito Penal e Processual Penal,Vespertino,Em atividade,Pós-Graduação Lato Sensu,Especialização,CIÊNCIAS HUMANAS,Campus - Setor Norte,,Rsolução nº 012/98,
PL-DT,Especialização em Direito Tributário,Vespertino,Em atividade,Pós-Graduação Lato Sensu,Especialização,DIREITO                                                                                             ,Campus - Setor Norte,,Resolução nº 014/98,
PL-EA,Especialização em Educação Ambiental,Integral (Matutino e Vespertino),Em atividade,Pós-Graduação Lato Sensu,Especialização,CIÊNCIAS AGRÁRIAS,Campus - Setor Sul,,,
PL-EAEEES,Especialização em Educação Ambiental com ênfase em Espaços Educacionais Sustentáveis,Integral (Matutino e Vespertino),Em atividade,Pós-Graduação Lato Sensu,Especialização,CIÊNCIAS AGRÁRIAS,Campus - Setor Sul,,,
PL-EC,Especialização em Ensino de Ciências,Integral (Matutino e Vespertino),Em atividade,Pós-Graduação Lato Sensu,Especialização,ENSINO-APRENDIZAGEM                                                                                 ,Campus de Coari,,"RESOLUÇÃO Nº 007, DE 7 DE MARÇO DE 2022",
PL-ECM,Especialização em Estratégia para Competitividade Empresarial,Integral (Matutino e Vespertino),Em atividade,Pós-Graduação Lato Sensu,Especialização,CIÊNCIAS HUMANAS,Campus - Setor Norte,,,
PL-EDCAM,Especialização em Educação do Campo: Práticas Pedagógicas,Integral (Matutino e Vespertino),Em atividade,Pós-Graduação Lato Sensu,Especialização,EDUCAÇÃO,Campus - Setor Norte,,,
PL-EDSC,Espec. em Educ. para o Desenvolvimento Sustentável (Coari),Vespertino,Em atividade,Pós-Graduação Lato Sensu,Especialização,CIÊNCIAS BIOLÓGICAS,Campus de Coari,,Resolução nº 024/2004,
PL-EDSH,Espec. em Educ. para o Desenvolvimento Sustentável (Humaitá),Diurno,Em atividade,Pós-Graduação Lato Sensu,Especialização,CIÊNCIAS BIOLÓGICAS,Campus de Humaitá,,Resolução nº 025/2004 CONSEPE 13.05.2004,
PL-EDSI,Espec. em Educ. para o Desenvolvimento Sustentável (Itacoatiara),Vespertino,Em atividade,Pós-Graduação Lato Sensu,Especialização,CIÊNCIAS BIOLÓGICAS,Campus de Itacoatiara,,Resolução nº 025/2004 consepe - 13.05.2004,
PL-EDSP,Espec. em Educ. para o Desenvolvimento Sustentável (Parintins),Diurno,Em atividade,Pós-Graduação Lato Sensu,Especialização,CIÊNCIAS BIOLÓGICAS,Campus de Parintins,,Resolução nº 025/2004 CONSEPE - 13.05.2004,
PL-EELL,Especialização em Ensino de Espanhol: Língua e Literaturas,Matutino,Em atividade,Pós-Graduação Lato Sensu,Especialização,CIÊNCIAS HUMANAS,Campus - Setor Norte,,,
PL-EFEM,Especialização em Ensino de Filosofia para o Ensino Médio,Integral (Matutino e Vespertino),Em atividade,Pós-Graduação Lato Sensu,Especialização,FILOSOFIA                                                                                           ,Campus - Setor Sul,,,
PL-EFO,Especialização em Educação Física em Ortopedia,Integral (Matutino e Vespertino),Em atividade,Pós-Graduação Lato Sensu,Especialização,EDUCAÇÃO FÍSICA,Centro de Esportes,,,
PL-EGI,Especialização em Engenharia e Gestão Industrial,Integral (Matutino e Vespertino),Em atividade,Pós-Graduação Lato Sensu,Especialização,ENGENHARIAS,Campus - Setor Norte,,,
PL-EI,Especialização em Educação Infantil,Integral (Matutino e Vespertino),Em atividade,Pós-Graduação Lato Sensu,Especialização,CIÊNCIAS HUMANAS,Campus - Setor Norte,,,
PL-EIAI,Especialização em Educação Especial: uma abordagem inclusiva,Integral (Matutino e Vespertino),Em atividade,Pós-Graduação Lato Sensu,Especialização,CIÊNCIAS HUMANAS,Campus - Setor Norte,,,
PL-EM,Especialização em Ensino de Matemática (Manaus),Vespertino,Em atividade,Pós-Graduação Lato Sensu,Especialização,MATEMÁTICA,Campus - Setor Sul,,,
PL-EMC,Especialização em Ensino de Matemática (Coari),Diurno,Em atividade,Pós-Graduação Lato Sensu,Especialização,MATEMÁTICA,Campus de Coari,,,
PL-EMEM,Especialização em Ensino de Matemática para o Ensino Médio - EAD,Integral (Matutino e Vespertino),Em atividade,Pós-Graduação Lato Sensu,Especialização,MATEMÁTICA,Campus - Setor Norte,,,
PL-EMM,Especialização em Ensino de Matemática (Maués),Noturno,Em atividade,Pós-Graduação Lato Sensu,Especialização,MATEMÁTICA,Campus - Setor Sul,Portaria nº 1270/2007,,
PL-EMT,Especialização em Ensino de Matemática (Tefé),Diurno,Em atividade,Pós-Graduação Lato Sensu,Especialização,MATEMÁTICA,Prédios de Terceiros,,Resolução nº 030/2005,
PL-ENM,Especialização em Ensino de Matemática,Integral (Matutino e Vespertino),Em atividade,Pós-Graduação Lato Sensu,Especialização,CIENCIAS EXATAS E DA TERRA,Campus - Setor Norte,,,
PL-ENSMAT,Especialização em Ensino de Matemática,Integral (Matutino e Vespertino),Em atividade,Pós-Graduação Lato Sensu,Especialização,CIENCIAS EXATAS E DA TERRA,Campus de Parintins,,,
PL-EO,Especialização em Enfermagem Oncológica,Integral (Matutino e Vespertino),Em atividade,Pós-Graduação Lato Sensu,Especialização,ENFERMAGEM                                                                                          ,Escola de Enfermagem,,,
PL-EOB,Especialização em Enfermagem Obstétrica,Integral (Matutino e Vespertino),Em atividade,Pós-Graduação Lato Sensu,Especialização,ENFERMAGEM OBSTÉTRICA,Escola de Enfermagem,,,
PL-EP,Especialização em Engenharia de Produção,Noturno,Em atividade,Pós-Graduação Lato Sensu,Especialização,ENGENHARIA DE PRODUÇÃO,Campus - Setor Norte,,Resolução nº 046/99 CONSEP,
PL-EQ,Especialização em Ensino de Química,Matutino,Em atividade,Pós-Graduação Lato Sensu,Especialização,QUÍMICA,Campus - Setor Norte,,,
PL-ERG,Especialização em Ergonomia,Matutino,Em atividade,Pós-Graduação Lato Sensu,Especialização,EDUCAÇÃO FÍSICA,Campus - Setor Norte,,Resolução nº 041/2003,
PL-EST,Especialização em Engenharia de Segurança do Trabalho,Integral (Matutino e Vespertino),Em atividade,Pós-Graduação Lato Sensu,Especialização,CIENCIAS EXATAS E DA TERRA,Campus - Setor Norte,,,
PL-ET,Especialização em Enfermagem do Trabalho,Integral (Matutino e Vespertino),Em atividade,Pós-Graduação Lato Sensu,Especialização,CIÊNCIAS BIOLÓGICAS,Escola de Enfermagem,,,
PL-ETICA,Especialização em Ética,Vespertino,Em atividade,Pós-Graduação Lato Sensu,Especialização,FILOSOFIA                                                                                           ,Campus - Setor Norte,,Resolução nº 003/2002,
PL-ÉTICA2,Especialização em Ética,Integral (Matutino e Vespertino),Em atividade,Pós-Graduação Lato Sensu,Especialização,FILOSOFIA                                                                                           ,Campus - Setor Norte,,,
PL-EUTIA,Especialização em Enfermagem em U.T.I.,Vespertino,Em atividade,Pós-Graduação Lato Sensu,Especialização,ENFERMAGEM                                                                                          ,Unidades Urbanas Dispersas,,Resolução nº 029/2004 CONSEPE - 13.05.2004,
PL-EVP,Especialização em Engenharia de Avaliações e Perícias,Integral (Matutino e Vespertino),Em atividade,Pós-Graduação Lato Sensu,Especialização,ENGENHARIAS,Campus - Setor Norte,,,
PL-FIH,Especialização em Fisiologia Humana,Integral (Matutino e Vespertino),Em atividade,Pós-Graduação Lato Sensu,Especialização,FISIOLOGIA,Campus - Setor Sul,,,
PL-GAA,Especialização em Geotecnologias Aplicadas à Amazônia,Vespertino,Em atividade,Pós-Graduação Lato Sensu,Especialização,CIÊNCIAS AGRÁRIAS,Campus - Setor Sul,,Resolucao nº 032/2003,
PL-GAB,Especialização em Geografia da Amazônia Brasileira,Integral (Matutino e Vespertino),Em atividade,Pós-Graduação Lato Sensu,Especialização,GEOGRAFIA                                                                                           ,Campus - Setor Norte,,,
PL-GAE,Especialização em Gestão de Arquivos Empresariais,Integral (Matutino e Vespertino),Em atividade,Pós-Graduação Lato Sensu,Especialização,CIÊNCIAS HUMANAS,Campus - Setor Norte,,,
PL-GAEM,Especialização em Gestão Ambiental Empresarial,Integral (Matutino e Vespertino),Em atividade,Pós-Graduação Lato Sensu,Especialização,CIÊNCIAS AGRÁRIAS,Campus - Setor Norte,,,
PL-GA-PAA,"Especialização em Gestão Ambiental, com ênfase em Perícia e Auditoria Ambiental",Integral (Matutino e Vespertino),Em atividade,Pós-Graduação Lato Sensu,Especialização,ADMINISTRAÇÃO,Campus - Setor Sul,,,
PL-GCT,Especialização em Gestão Contábil Tributária,Noturno,Em atividade,Pós-Graduação Lato Sensu,Especialização,CIÊNCIAS CONTÁBEIS,Campus - Setor Norte,,,
PL-GE,Especialização em Gestão da Educação (Manaus),Noturno,Em atividade,Pós-Graduação Lato Sensu,Especialização,EDUCAÇÃO,Campus - Setor Norte,,Resolução nº 020/2005,
PL-GECTR,Especialização em Gestão Contábil Tributária,Integral (Matutino e Vespertino),Em atividade,Pós-Graduação Lato Sensu,Especialização,CONTABILIDADE E FINANÇAS PÚBLICAS,Campus - Setor Norte,,,
PL-GED,Especialização em Gestão da Educação (Benjamin Constant),Integral (Matutino e Vespertino),Em atividade,Pós-Graduação Lato Sensu,Especialização,CIÊNCIAS HUMANAS,Campus - Setor Norte,,,
PL-GEM,Especialização em Gestão em Engenharia de Manutenção,Integral (Matutino e Vespertino),Em atividade,Pós-Graduação Lato Sensu,Licenciatura Plena,ENGENHARIAS,Campus - Setor Sul,,,
PL-GEOP,Especialização em Geoprocessamento,Integral (Matutino e Vespertino),Em atividade,Pós-Graduação Lato Sensu,Especialização,CIENCIAS EXATAS E DA TERRA,Campus - Setor Norte,,,
PL-GERUS,Especialização em Gerência de Unidades Básicas de Saúde-GERUS,Integral (Matutino e Vespertino),Em atividade,Pós-Graduação Lato Sensu,Especialização,CIÊNCIAS BIOLÓGICAS,Faculdade de Ciências Farmacêuticas,,,
PL-GES,Especialização em Gestão Escolar,Integral (Matutino e Vespertino),Em atividade,Pós-Graduação Lato Sensu,Especialização,CIÊNCIAS HUMANAS,Campus - Setor Norte,,,
PL-GFE-E,Especialização em Gerência Financeira Empresarial,Integral (Matutino e Vespertino),Em atividade,Pós-Graduação Lato Sensu,Especialização,ADMINISTRAÇÃO,Campus - Setor Norte,,,
PL-GLEM,Especialização em Gestão de Logística Empresarial,Integral (Matutino e Vespertino),Em atividade,Pós-Graduação Lato Sensu,Especialização,CIENCIAS EXATAS E DA TERRA,Campus - Setor Sul,,,
PL-GP,Especialização em Gestão Pública,Integral (Matutino e Vespertino),Em atividade,Pós-Graduação Lato Sensu,Especialização,CIÊNCIAS HUMANAS,Campus - Setor Sul,,,
PL-GPC,Especialização em Gestão e Planejamento Contábil Tributário,Integral (Matutino e Vespertino),Em atividade,Pós-Graduação Lato Sensu,Especialização,CONTABILIDADE E FINANÇAS PÚBLICAS,Campus - Setor Norte,,,
PL-GPM,Especialização em Gestão Pública Municipal,Integral (Matutino e Vespertino),Em atividade,Pós-Graduação Lato Sensu,Especialização,CIÊNCIAS HUMANAS,Campus - Setor Sul,,O curso foi ministrado de acordo com o disposto na Resolução Nº 01/2007 do Conselho Nacional de Educação.,
PL-GPP,Especialização em Gestão das Políticas Públicas,Integral (Matutino e Vespertino),Em atividade,Pós-Graduação Lato Sensu,Especialização,ADMINISTRAÇÃO,Campus - Setor Norte,,,
PL-GS,Especialização em Gestão em Saúde,Integral (Matutino e Vespertino),Em atividade,Pós-Graduação Lato Sensu,Especialização,CIÊNCIAS HUMANAS,Campus - Setor Sul,,,
PL-HEH,Especialização em  Historiografia e Ensino de História,Integral (Matutino e Vespertino),Em atividade,Pós-Graduação Lato Sensu,Especialização,CIÊNCIAS HUMANAS,Campus - Setor Norte,,,
PL-HEMO,Especialização em Hemoterapia,Integral (Matutino e Vespertino),Em atividade,Pós-Graduação Lato Sensu,Especialização,CIÊNCIAS BIOLÓGICAS,Faculdade de Medicina,,,
PL-HHA,Especialização em História e Historiografia da Amazônia,Vespertino,Em atividade,Pós-Graduação Lato Sensu,Especialização,HISTÓRIA,Campus - Setor Norte,,Resolução nº 005/2003,
PL-IC,Especialização em Internet das Coisas,Integral (Matutino e Vespertino),Em atividade,Pós-Graduação Lato Sensu,Especialização,CIENCIAS EXATAS E DA TERRA,Campus - Setor Norte,,Resolução 014/2018 - CONSEPE,
PL-INDR,Especialização em Industrialização e Desenvolvimento Regional,Vespertino,Em atividade,Pós-Graduação Lato Sensu,Especialização,ADMINISTRAÇÃO,Campus - Setor Norte,Resolução nº 015/2003 CONSEPE,,
PL-LEMP,Especialização em Logística Empresarial,Noturno,Em atividade,Pós-Graduação Lato Sensu,Especialização,ADMINISTRAÇÃO DE EMPRESAS,Campus - Setor Norte,,,
PL-LING,Especialização em Linguística,Integral (Matutino e Vespertino),Em atividade,Pós-Graduação Lato Sensu,Especialização,CIÊNCIAS HUMANAS,Campus - Setor Norte,,,
PL-LL,Especialização em Língua Inglesa,Integral (Matutino e Vespertino),Em atividade,Pós-Graduação Lato Sensu,Especialização,LÍNGUAS ESTRANGEIRAS MODERNAS,Campus - Setor Norte,,,
PL-LLL,Especialização em Língua e Literatura Latina,Vespertino,Em atividade,Pós-Graduação Lato Sensu,Especialização,LÍNGUA PORTUGUESA,Campus - Setor Norte,,Resolução nº 031/2004,
PL-LPEPT,Especialização em Língua Portuguesa com Ênfase em Produção Textual,Integral (Matutino e Vespertino),Em atividade,Pós-Graduação Lato Sensu,Especialização,CIÊNCIAS HUMANAS,Campus - Setor Norte,,,
PL-MAE,Especialização em Marketing Empresarial,Integral (Matutino e Vespertino),Em atividade,Pós-Graduação Lato Sensu,Especialização,CIÊNCIAS HUMANAS,Campus - Setor Norte,,,
PL-MAT,Especialização em Matemática,Integral (Matutino e Vespertino),Em atividade,Pós-Graduação Lato Sensu,Especialização,CIENCIAS EXATAS E DA TERRA,Campus - Setor Norte,,,
PL-MBA-EPE,MBA em Engenharia de Produção em ênfase na indústria 4.0,Integral (Matutino e Vespertino),Em atividade,Pós-Graduação Lato Sensu,Especialização,ENGENHARIAS,Campus - Setor Norte,,,
PL-MBA-GP,MBA Executivo em Gerenciamento de Projetos,Noturno,Em atividade,Pós-Graduação Lato Sensu,MBA,CIÊNCIAS SOCIAIS APLICADAS,Campus - Setor Norte,Resolução n° 026/2010 CONSEPE,Resolução n°001/2007 CNE,
PL-ME,Especialização em Microssistemas Eletrônicos,Noturno,Em atividade,Pós-Graduação Lato Sensu,Especialização,ENGENHARIA ELÉTRICA,Campus - Setor Norte,,Resolução nº 012/2004,
PL-MED,Especialização em Mídias na Educação,Diurno,Em atividade,Pós-Graduação Lato Sensu,Especialização,ARTES                                                                                               ,Unidades Urbanas Dispersas,,,
PL-MELI,Especialização em Metodologia do Ensino da Língua Inglesa,Integral (Matutino e Vespertino),Em atividade,Pós-Graduação Lato Sensu,Especialização,CIÊNCIAS HUMANAS,Campus - Setor Norte,,,
PL-MES-PRT,Especialização em Metodologia do Ensino Superior - Parintins,Integral (Matutino e Vespertino),Em atividade,Pós-Graduação Lato Sensu,Especialização,EDUCAÇÃO,Campus de Parintins,,,
PL-MGMU,Especialização em MBA Gestão em Mobilidade Urbana,Integral (Matutino e Vespertino),Em atividade,Pós-Graduação Lato Sensu,Especialização,ADMINISTRAÇÃO,Campus - Setor Norte,,,
PL-MGO,MBA Executivo: Gestão de Organizações - Operações e Serviços,Integral (Matutino e Vespertino),Em atividade,Pós-Graduação Lato Sensu,Especialização,ADMINISTRAÇÃO,Campus - Setor Norte,,,
PL-MGS,MBA em Gestão em Serviços de Saúde,Integral (Matutino e Vespertino),Em atividade,Pós-Graduação Lato Sensu,Especialização,ADMINISTRAÇÃO,Campus - Setor Norte,,,
PL-MH,Especialização em Morfologia Humana,Matutino,Em atividade,Pós-Graduação Lato Sensu,Especialização,CIÊNCIAS BIOLÓGICAS,Campus - Setor Sul,,Resolução nº021/2004,
PL-MIC,Especialização em Monit. e Inteligência Competitiva,Vespertino,Em atividade,Pós-Graduação Lato Sensu,Especialização,CIÊNCIAS HUMANAS,Campus - Setor Norte,,Resolução nº 060/2002 CONSEPE - 27/09/2002,
PL-MT,Especialização em Medicina do Trabalho,Integral (Matutino e Vespertino),Em atividade,Pós-Graduação Lato Sensu,Especialização,CIÊNCIAS DA SAÚDE,Faculdade de Medicina,,,
PL-MUS,Especialização em Museologia,Integral (Matutino e Vespertino),Em atividade,Pós-Graduação Lato Sensu,Especialização,CIÊNCIAS HUMANAS,Campus - Setor Norte,,,
PL-ORT,Especialização em Ortodontia,Integral (Matutino e Vespertino),Em atividade,Pós-Graduação Lato Sensu,Especialização,ORTODONTIA                                                                                          ,Faculdade de Odontologia,,,
PL-PCL,Especialização em Psicologia Clínica (Manaus),Vespertino,Em atividade,Pós-Graduação Lato Sensu,Especialização,PSICOLOGIA                                                                                          ,Campus - Setor Norte,,Resolução nº 004/2004 - CONSEPE,
PL-PD,Curso de Especialização em Prática Defensorial,Matutino,Em atividade,Pós-Graduação Lato Sensu,Especialização,DIREITO                                                                                             ,Campus - Setor Norte,,,
PL-PDR,Especialização em População e Desenvolvimento Regional,Vespertino,Em atividade,Pós-Graduação Lato Sensu,Especialização,ADMINISTRAÇÃO,Campus - Setor Norte,,Resolução 011/2003 - CONSEPE,
PL-PEVD,Especialização em Políticas de Enfrentamento à Violência Doméstica,Matutino,Em atividade,Pós-Graduação Lato Sensu,Especialização,CIÊNCIAS HUMANAS,Campus - Setor Norte,,,
PL-PGA,Especialização em Planejamento e Gerenciamento de Águas,Integral (Matutino e Vespertino),Em atividade,Pós-Graduação Lato Sensu,Especialização,CIÊNCIAS AGRÁRIAS,Campus - Setor Sul,,Resolução nº,
PL-PLPP,Especialização em Poder Legislativo e Políticas Públicas,Integral (Matutino e Vespertino),Em atividade,Pós-Graduação Lato Sensu,Especialização,DIREITO                                                                                             ,Campus - Setor Norte,,,
PL-PMD,Especialização em Produção de Material Didático para EAD,Integral (Matutino e Vespertino),Em atividade,Pós-Graduação Lato Sensu,Especialização,AGROPECUÁRIA E PESCA,Campus - Setor Norte,,,
PL-PSIC,Especialização em Psicopedagogia (Manaus),Vespertino,Em atividade,Pós-Graduação Lato Sensu,Especialização,PSICOLINGÜÍSTICA,Campus - Setor Norte,,Resolução nº 009/98 - CONSUNI,
PL-PSIM,Especialização em Psicopedagogia (Maués),Noturno,Em atividade,Pós-Graduação Lato Sensu,Especialização,PSICOLINGÜÍSTICA,Campus - Setor Norte,,,
PL-PSM-TJ,Especialização em Psicomotricidade Através do Uso de Técnicas de Jogos Cooperativos,Integral (Matutino e Vespertino),Em atividade,Pós-Graduação Lato Sensu,Especialização,CIÊNCIAS BIOLÓGICAS,Centro de Esportes,,,
PL-RPSAPNU,Especialização em Atenção a Paciente Adulto Neurocirúrgico em UTI,Integral (Matutino e Vespertino),Em atividade,Pós-Graduação Lato Sensu,Especialização em Residência Médica,ATENÇÃO EM TERAPIA INTENSIVA,Hospital Universitário,,,
PL-SA,Especialização em Saneamento Ambiental,Integral (Matutino e Vespertino),Em atividade,Pós-Graduação Lato Sensu,Especialização,SANEAMENTO AMBIENTAL                                                                                ,Campus - Setor Norte,,,
PL-SAVUE,Especialização em Suporte Avançado de Vida - Urg. e Emergência,Integral (Matutino e Vespertino),Em atividade,Pós-Graduação Lato Sensu,Especialização,CIÊNCIAS DA SAÚDE,Escola de Enfermagem,,,
PL-SE,Especialização em Supervisão Educacional (Manaus),Noturno,Em atividade,Pós-Graduação Lato Sensu,Especialização,EDUCAÇÃO,Campus - Setor Norte,,Resolução nº 007/98,
PL-SEM,Especialização em Supervisão Educacional (Maués),Integral (Matutino e Vespertino),Em atividade,Pós-Graduação Lato Sensu,Especialização,EDUCAÇÃO,Campus - Setor Norte,,,
PL-SF,Especialização em Saúde da Família,Integral (Matutino e Vespertino),Em atividade,Pós-Graduação Lato Sensu,Especialização,CIÊNCIAS DA SAÚDE,Escola de Enfermagem,,,
PL-SF-EAD,Especialização em Saúde da Família - EAD,Integral (Matutino e Vespertino),Em atividade,Pós-Graduação Lato Sensu,Especialização,CIÊNCIAS DA SAÚDE,Faculdade de Medicina,,,
PL-SFN,Especialização em Saúde da Família e Nutrição,Integral (Matutino e Vespertino),Em atividade,Pós-Graduação Lato Sensu,Especialização,SAÚDE PÚBLICA,Faculdade de Medicina,,,
PL-SI,Especialização em Saúde Indígena,Integral (Matutino e Vespertino),Em atividade,Pós-Graduação Lato Sensu,Licenciatura Plena,CIÊNCIAS DA SAÚDE,Escola de Enfermagem,,,
PL-SOFT,Especialização em Des. Sist. bas. em Software Livre,Vespertino,Em atividade,Pós-Graduação Lato Sensu,Especialização,CIÊNCIA DA COMPUTAÇÃO,Campus - Setor Sul,,Resolução nº 032/2004 - CONSEPE 13/05/2004,
PL-SPSI,Espec. em Saúde Pública com enfoque em Saúde Indígena (São Gabriel da Cachoeira),Integral (Matutino e Vespertino),Em atividade,Pós-Graduação Lato Sensu,Especialização,ENFERMAGEM DE SAÚDE PÚBLICA,Escola de Enfermagem,,,
PL-SSAF,Especialização em Serviço Social e Assistência à Família,Matutino,Em atividade,Pós-Graduação Lato Sensu,Especialização,SERVIÇO SOCIAL,Campus - Setor Norte,,,
PL-SSGPS,Especialização em Serviço Social e a Gestão em Política de Saúde,Vespertino,Em atividade,Pós-Graduação Lato Sensu,Especialização,CIÊNCIAS HUMANAS,Campus - Setor Norte,,Resolução Nº 045/2005,
PL-SVT-E,"Especialização em Sistemas de Vídeo e Tecnologia LCD, TFT e Plasma",Integral (Matutino e Vespertino),Em atividade,Pós-Graduação Lato Sensu,Especialização,SISTEMAS DE TELECOMUNICAÇÕES,Campus - Setor Norte,,,
PL-TDES,Especialização em Teoria e Metodologia do Treinamento Desportivo para Crianças e Jovens,Noturno,Em atividade,Pós-Graduação Lato Sensu,Especialização,EDUCAÇÃO FÍSICA,Campus - Setor Sul,,,
PL-TDGN,Especialização em Tecnologias de Distribuição de Gás Natural,Integral (Matutino e Vespertino),Em atividade,Pós-Graduação Lato Sensu,Especialização,CIENCIAS EXATAS E DA TERRA,Campus - Setor Norte,,,
PL-TGT,Especialização em Turismo e Gestão Territorial,Integral (Matutino e Vespertino),Em atividade,Pós-Graduação Lato Sensu,Especialização,TURISMO                                                                                             ,Campus - Setor Norte,,,
PL-TM,Especialização em Tecnologia Multimidia,Vespertino,Em atividade,Pós-Graduação Lato Sensu,Especialização,ARTES DO VÍDEO,Campus - Setor Norte,,Resolução nº 020/2004,
PL-TMPAF,Especialização em Teoria e Metodologia da Prescrição da Atividade Física,Integral (Matutino e Vespertino),Em atividade,Pós-Graduação Lato Sensu,Especialização,CIÊNCIAS BIOLÓGICAS,Centro de Esportes,,,
PL-TVD,Especialização em TV Digital,Integral (Matutino e Vespertino),Em atividade,Pós-Graduação Lato Sensu,Especialização,TELECOMUNICAÇÕES,Campus - Setor Sul,,,
PL-TVDHDTV,Especialização em TV Digital e HDTV,Integral (Matutino e Vespertino),Em atividade,Pós-Graduação Lato Sensu,Especialização,TELECOMUNICAÇÕES,Campus - Setor Norte,,,
PL-TWEB,Especialização em Tecnologia para a Web,Vespertino,Em atividade,Pós-Graduação Lato Sensu,Especialização,CIÊNCIA DA COMPUTAÇÃO,Campus - Setor Sul,,Resolução Nº 010/2003 CONSEPE - 11.03.2003,
PL-URG,Especialização em Enfermagem em Urgência e Emergência,Integral (Matutino e Vespertino),Em atividade,Pós-Graduação Lato Sensu,Especialização,ENFERMAGEM                                                                                          ,Escola de Enfermagem,,,
PL-UTIN,Especialização em Enfermagem em UTI - Neonatal,Matutino,Em atividade,Pós-Graduação Lato Sensu,Especialização,ENFERMAGEM                                                                                          ,Escola de Enfermagem,,,
PPG-ALG-M,Mestrado em Matemática - Álgebra,Integral (Matutino e Vespertino),Em atividade,Pós-Graduação Stricto Sensu,Mestrado,MATEMÁTICA,Campus - Setor Norte,,"Portaria MEC n.° 656 de 22/05/2017, publicada no DOU em 27/07/2017",
PPG-ANS-D,Doutorado em Antropologia Social,Integral (Matutino e Vespertino),Em atividade,Pós-Graduação Stricto Sensu,Doutorado,ANTROPOLOGIA                                                                                        ,Campus - Setor Norte,,"Portaria MEC n.° 609 de 14/03/2019, publicada no DOU em 18/03/2019",
PPG-ANS-M,Mestrado em Antropologia Social,Integral (Matutino e Vespertino),Em atividade,Pós-Graduação Stricto Sensu,Mestrado,ANTROPOLOGIA                                                                                        ,Campus - Setor Norte,,"Portaria MEC n.° 609 de 14/03/2019, publicada no DOU em 18/03/2019",
PPG-ART-MP,Mestrado Profissional em Artes,Integral (Matutino e Vespertino),Em atividade,Pós-Graduação Stricto Sensu,Mestrado Profissional,ARTES                                                                                               ,Campus - Setor Norte,,,
PPG-ASA,Mestrado em Agricultura e Sustentabilidade na Amazônia,Diurno,Em atividade,Pós-Graduação Stricto Sensu,Mestrado,CIÊNCIAS AGRÁRIAS,Campus - Setor Sul,Portaria 1523/94,Portaria n.º 2538 CAPES/MEC - Publicado no D.O.U n.º 173 de 06/09/2002,
PPG-ATR-D,Doutorado em Agronomia Tropical,Integral (Matutino e Vespertino),Em atividade,Pós-Graduação Stricto Sensu,Doutorado,CIÊNCIAS AGRÁRIAS,Campus - Setor Sul,,"Portaria MEC n.° 609 de 14/03/2019, publicada no DOU em 18/03/2019",
PPG-ATR-M,Mestrado em Agronomia Tropical,Integral (Matutino e Vespertino),Em atividade,Pós-Graduação Stricto Sensu,Mestrado,CIÊNCIAS AGRÁRIAS,Campus - Setor Sul,,"Portaria MEC n.° 609 de 14/03/2019, publicada no DOU em 18/03/2019",
PPG-BIO-D,Doutorado em Biodiversidade e Biotecnologia da Rede Bionorte,Integral (Matutino e Vespertino),Em atividade,Pós-Graduação Stricto Sensu,Doutorado,CIÊNCIAS BIOLÓGICAS,Campus - Setor Sul,,"Portaria MEC n.° 609 de 14/03/2019, publicada no DOU em 18/03/2019",
PPG-BIOT-D,Doutorado em Biotecnologia,Integral (Matutino e Vespertino),Em atividade,Pós-Graduação Stricto Sensu,Doutorado,BIOTECNOLOGIA,Campus - Setor Norte,,"Portaria MEC n.° 609 de 14/03/2019, publicada no DOU em 18/03/2019",
PPG-BIOT-M,Mestrado em Biotecnologia,Integral (Matutino e Vespertino),Em atividade,Pós-Graduação Stricto Sensu,Mestrado,BIOTECNOLOGIA,Campus - Setor Sul,,"Portaria MEC n.° 609 de 14/03/2019, publicada no DOU em 18/03/2019",
PPG-CAL-M,Mestrado em Ciência de Alimentos,Integral (Matutino e Vespertino),Em atividade,Pós-Graduação Stricto Sensu,Mestrado,CIÊNCIA E TECNOLOGIA DE ALIMENTOS,Faculdade de Ciências Farmacêuticas,Resolução nº 001/84 - CONSUNI,Parecer CES 153/2002 - DOU nº 136,
PPG-CA-M,Mestrado em Ciências Ambientais,Integral (Matutino e Vespertino),Em atividade,Pós-Graduação Stricto Sensu,Mestrado,CIÊNCIAS AMBIENTAIS,Campus de Humaitá,,"Portaria MEC n.° 609 de 14/03/2019, publicada no DOU em 18/03/2019",
PPG-CAN-M,Mestrado em Ciência Animal,Integral (Matutino e Vespertino),Em atividade,Pós-Graduação Stricto Sensu,Mestrado,ZOOTECNIA                                                                                           ,Campus - Setor Sul,,"Portaria MEC n.° 609 de 14/03/2019, publicada no DOU em 18/03/2019",
PPG-CARP-D,Doutorado em Ciência Animal e Recursos Pesqueiros,Integral (Matutino e Vespertino),Em atividade,Pós-Graduação Stricto Sensu,Doutorado,CIÊNCIAS AGRÁRIAS,Campus - Setor Sul,O ofício nº 670/06 DPG/PROPESP de 20 de dezembro/2006 da Pró-reitoria da UFAM comunica o início das atividades do Programa com o início da aulas para 03/2007. Stella wolff em 28/02/2007. Este curso faz parte da clientela especial do CTC que julgou a Aval,"Portaria Nro 194, de 4 de dezembro de 2020, publicado no DOU em 8 de dezembro de 2020.",
PPG-CARP-M,Mestrado em Ciência Animal e Recursos Pesqueiros,Integral (Matutino e Vespertino),Em atividade,Pós-Graduação Stricto Sensu,Mestrado,CIÊNCIAS AGRÁRIAS,Campus - Setor Sul,,"Portaria Nro 194, de 4 de dezembro de 2020, publicado no DOU em 8 de dezembro de 2020.",
PPG-CASA-D,Doutorado em Ciências do Ambiente e Sustentabilidade na Amazônia,Integral (Matutino e Vespertino),Em atividade,Pós-Graduação Stricto Sensu,Doutorado,CIÊNCIAS AMBIENTAIS,Campus - Setor Norte,,"Portaria MEC n.° 609 de 14/03/2019, publicada no DOU em 18/03/2019",
PPG-CASA-M,Mestrado em Ciências do Ambiente e Sustentabilidade na Amazônia,Integral (Matutino e Vespertino),Em atividade,Pós-Graduação Stricto Sensu,Mestrado,CIÊNCIAS AMBIENTAIS,Campus - Setor Sul,,"Portaria MEC n.° 609 de 14/03/2019, publicada no DOU em 18/03/2019",
PPG-CCAF,Mestrado Profissionalizante em  Ciências do Ambiente e Sustentabilidade na Amazônia,Integral (Matutino e Vespertino),Em atividade,Pós-Graduação Stricto Sensu,Mestrado Profissional,AGROPECUÁRIA E PESCA,Campus - Setor Sul,Resolução 008/2000-UFAM,D.0.U. Nº 118 - 23.06.2003,
PPG-CCO-M,Mestrado Profissional em Contabilidade e Controladoria,Integral (Matutino e Vespertino),Em atividade,Pós-Graduação Stricto Sensu,Mestrado Profissional,CIÊNCIAS CONTÁBEIS,Campus - Setor Norte, Aguardando homologação pelo CNE,Parecer CES 173/2006 - DOU nº 142,
PPG-CEM-M,Mestrado em Ciência e Engenharia de Materiais,Integral (Matutino e Vespertino),Em atividade,Pós-Graduação Stricto Sensu,Mestrado,MATERIAIS,Campus - Setor Norte,,"Portaria MEC n.° 609 de 14/03/2019, publicada no DOU em 18/03/2019",
PPG-CFAR-M,Mestrado em Ciências Farmacêuticas,Matutino,Em atividade,Pós-Graduação Stricto Sensu,Mestrado,FARMÁCIA,Faculdade de Ciências Farmacêuticas,,"Portaria MEC n.° 609 de 14/03/2019, publicada no DOU em 18/03/2019",
PPG-CIFA-M,Mestrado em Ciências Florestais e Ambientais,Integral (Matutino e Vespertino),Em atividade,Pós-Graduação Stricto Sensu,Mestrado,RECURSOS FLORESTAIS E ENGENHARIA FLORESTAL                                                          ,Campus - Setor Sul,,"Portaria MEC n.° 609 de 14/03/2019, publicada no DOU em 18/03/2019",
PPG-CIMH-M,Mestrado em Ciências do Movimento Humano,Integral (Matutino e Vespertino),Em atividade,Pós-Graduação Stricto Sensu,Mestrado,EDUCAÇÃO FÍSICA,Centro de Esportes,,"Portaria nº 540, DE 15 de Junho de 2020, publicado no DOU de nº 114 de 17/06/2020",
PPG-CIR-M,Mestrado Profissional em Cirurgia,Integral (Matutino e Vespertino),Em atividade,Pós-Graduação Stricto Sensu,Mestrado Profissional,CIRURGIA                                                                                            ,Faculdade de Medicina,,"Portaria MEC n.° 609 de 14/03/2019, publicada no DOU em 18/03/2019",
PPG-CIS-M,Mestrado em Ciências da Saúde,Matutino,Em atividade,Pós-Graduação Stricto Sensu,Mestrado,CIÊNCIAS DA SAÚDE,Campus - Setor Sul,,"Portaria MEC n.° 609 de 14/03/2019, publicada no DOU em 18/03/2019",
PPG-COM-M,Mestrado em Ciência da Comunicação,Integral (Matutino e Vespertino),Em atividade,Pós-Graduação Stricto Sensu,Mestrado,COMUNICAÇÃO,Campus - Setor Norte,,"Portaria MEC n.° 656 de 22/05/2017, publicada no DOU em 27/07/2017",
PPG-CPT-D,Doutorado em Ciências Pesqueiras nos Trópicos,Integral (Matutino e Vespertino),Em atividade,Pós-Graduação Stricto Sensu,Doutorado,RECURSOS PESQUEIROS E ENGENHARIA DE PESCA                                                           ,Campus - Setor Sul,,"Portaria MEC n.° 656 de 22/05/2017, publicada no DOU em 27/07/2017",
PPG-CPT-M,Mestrado em Ciências Pesqueiras nos Trópicos,Integral (Matutino e Vespertino),Em atividade,Pós-Graduação Stricto Sensu,Mestrado,RECURSOS PESQUEIROS E ENGENHARIA DE PESCA                                                           ,Campus - Setor Sul,,"Portaria MEC n.° 656 de 22/05/2017, publicada no DOU em 27/07/2017",
PPG-CTRA-M,Mestrado em Ciência e Tecnologia para Recursos Amazônicos,Integral (Matutino e Vespertino),Em atividade,Pós-Graduação Stricto Sensu,Mestrado,CIÊNCIAS AMBIENTAIS,Campus de Itacoatiara,,"Portaria MEC n.° 609 de 14/03/2019, publicada no DOU em 18/03/2019",
PPG-DER-M,Mestrado em Desenvolvimento Regional,Integral (Matutino e Vespertino),Em atividade,Pós-Graduação Stricto Sensu,Mestrado,ECONOMIA REGIONAL E URBANA                                                                          ,Campus - Setor Norte,Resolução N.º 056/99 - CONSEPE,Parecer CES 314/2004 - DOU nº 246,
PPG-DES-M,Mestrado em Design,Integral (Matutino e Vespertino),Em atividade,Pós-Graduação Stricto Sensu,Mestrado Profissional,CIENCIAS EXATAS E DA TERRA,Campus - Setor Norte,,"Portaria MEC n.° 816 de 04/07/2017, publicada no DOU em 05/07/2017",
PPG-DIB-D,Doutorado em Diversidade Biológica,Integral (Matutino e Vespertino),Em atividade,Pós-Graduação Stricto Sensu,Doutorado,ECOLOGIA APLICADA                                                                                   ,Campus - Setor Sul,,"Portaria MEC n.° 656 de 22/05/2017, publicada no DOU em 27/07/2017",
PPG-DIB-M,Mestrado em Diversidade Biológica,Integral (Matutino e Vespertino),Em atividade,Pós-Graduação Stricto Sensu,Mestrado,ECOLOGIA APLICADA                                                                                   ,Campus - Setor Sul,,"Portaria MEC n.° 656 de 22/05/2017, publicada no DOU em 27/07/2017",
PPG-DIR-M,Mestrado em Direito,Integral (Matutino e Vespertino),Em atividade,Pós-Graduação Stricto Sensu,Mestrado,DIREITO                                                                                             ,Campus - Setor Norte,,"Portaria MEC n.° 479, de 13/05/2020, publicado no DOU 92 em 15/05/2020.",
PPG-EAN-M,Mestrado em Educação - Educação e Antropologia,Integral (Matutino e Vespertino),Em atividade,Pós-Graduação Stricto Sensu,Mestrado,EDUCAÇÃO,Campus - Setor Norte,,,
PPG-ECAM-M,Mestrado Profissional em Rede Nacional para o Ensino de Ciências Ambientais,Integral (Matutino e Vespertino),Em atividade,Pós-Graduação Stricto Sensu,Mestrado,CIENCIAS EXATAS E DA TERRA,Campus - Setor Sul,,"Portaria MEC n.° 1.041, de 09/11/2016, publicada no DOU em 12/09/2016",
PPG-ECH-M,Mestrado em Ensino de Ciências e Humanidades,Integral (Matutino e Vespertino),Em atividade,Pós-Graduação Stricto Sensu,Mestrado,ENSINO-APRENDIZAGEM                                                                                 ,Campus de Humaitá,,"Portaria MEC n.° 654 de 22/05/2017, publicada no DOU em 23/05/2017",
PPG-ECIM,Mestrado em Ensino de Ciências e Matemática,Integral (Matutino e Vespertino),Em atividade,Pós-Graduação Stricto Sensu,Mestrado,CIENCIAS EXATAS E DA TERRA,Campus - Setor Norte,,"Portaria MEC n.° 609 de 14/03/2019, publicada no DOU em 18/03/2019",
PPG-EDA-D,Doutorado em Educação na Amazônia,Integral (Matutino e Vespertino),Em atividade,Pós-Graduação Stricto Sensu,Doutorado,EDUCAÇÃO,Campus - Setor Norte,,"Portaria MEC Nº 475, de 12 de maio de 2020, DOU nº 91, publicado em 14/05/2020",
PPG-EDU-D,Doutorado em Educação,Integral (Matutino e Vespertino),Em atividade,Pós-Graduação Stricto Sensu,Doutorado,EDUCAÇÃO,Campus - Setor Norte,,"Portaria MEC n.° 656 de 22/05/2017, publicada no DOU em 27/07/2017",
PPG-EDU-M,Mestrado em Educação,Integral (Matutino e Vespertino),Em atividade,Pós-Graduação Stricto Sensu,Mestrado,EDUCAÇÃO,Campus - Setor Norte,,"Portaria MEC n.° 656 de 22/05/2017, publicada no DOU em 27/07/2017",
PPG-EFE-M,Mestrado em Educação - Formação do Educador,Integral (Matutino e Vespertino),Em atividade,Pós-Graduação Stricto Sensu,Mestrado,HISTÓRIA,Campus - Setor Norte,,,
PPG-EHI-M,Mestrado em Educação - História da Educação,Integral (Matutino e Vespertino),Em atividade,Pós-Graduação Stricto Sensu,Mestrado,HISTÓRIA,Campus - Setor Norte,,,
PPG-ENC-M,Mestrado em Engenharia Civil,Integral (Matutino e Vespertino),Em atividade,Pós-Graduação Stricto Sensu,Mestrado,ENGENHARIA CIVIL                                                                                    ,Campus - Setor Norte,,"Portaria MEC n.° 609 de 14/03/2019, publicada no DOU em 18/03/2019",
PPG-ENE-D,Doutorado em Engenharia Elétrica,Integral (Matutino e Vespertino),Em atividade,Pós-Graduação Stricto Sensu,Doutorado,ENGENHARIA ELÉTRICA,Campus - Setor Norte,,"Portaria MEC n.° 609 de 14/03/2019, publicada no DOU em 18/03/2019",
PPG-ENE-M,Mestrado em Engenharia Elétrica,Integral (Matutino e Vespertino),Em atividade,Pós-Graduação Stricto Sensu,Mestrado,ENGENHARIA ELÉTRICA,Campus - Setor Norte,,"Portaria MEC n.° 609 de 14/03/2019, publicada no DOU em 18/03/2019",
PPG-ENF-M,Mestrado em Enfermagem,Integral (Matutino e Vespertino),Em atividade,Pós-Graduação Stricto Sensu,Mestrado em Associação,ENFERMAGEM                                                                                          ,Escola de Enfermagem,,"Portaria MEC n.° 609 de 14/03/2019, publicada no DOU em 18/03/2019",
PPG-ENF-MP,Mestrado em Enfermagem no Contexto Amazônico,Integral (Matutino e Vespertino),Em atividade,Pós-Graduação Stricto Sensu,Mestrado,ENFERMAGEM                                                                                          ,Escola de Enfermagem,,"Portaria MEC n.° 472 de 11/05/2020, publicada no DOU em 13/05/2020",
PPG-ENP-M,Mestrado em Engenharia de Produção,Integral (Matutino e Vespertino),Em atividade,Pós-Graduação Stricto Sensu,Mestrado Profissional,ENGENHARIA DE PRODUÇÃO,Campus - Setor Norte,,"Portaria MEC n.° 656 de 22/05/2017, publicada no DOU em 27/07/2017",
PPG-EPP-M,Mestrado em Educação - Educação e Políticas Públicas,Integral (Matutino e Vespertino),Em atividade,Pós-Graduação Stricto Sensu,Mestrado,EDUCAÇÃO,Campus - Setor Norte,,,
PPG-ERA-M,Mestrado em Engenharia de Recursos da Amazônia,Integral (Matutino e Vespertino),Em atividade,Pós-Graduação Stricto Sensu,Mestrado,ENGENHARIAS,Campus - Setor Sul,,,
PPG-FILO-M,Mestrado Profissional em Filosofia,Integral (Matutino e Vespertino),Em atividade,Pós-Graduação Stricto Sensu,Mestrado Profissional,FILOSOFIA                                                                                           ,Campus - Setor Norte,,"Portaria MEC n.° 259 de 15/02/2017, publicada no DOU em 16/02/2017",
PPG-FIS-D,Doutorado em Física,Integral (Matutino e Vespertino),Em atividade,Pós-Graduação Stricto Sensu,Doutorado,FÍSICA,Campus - Setor Norte,,"Portaria MEC n.° 609 de 14/03/2019, publicada no DOU em 18/03/2019",
PPG-FIS-M,Mestrado em Física,Integral (Matutino e Vespertino),Em atividade,Pós-Graduação Stricto Sensu,Mestrado,FÍSICA,Campus - Setor Norte,,"Portaria MEC n.° 609 de 14/03/2019, publicada no DOU em 18/03/2019",
PPG-GEOA-M,Mestrado em Geociências - Geologia Ambiental,Integral (Matutino e Vespertino),Em atividade,Pós-Graduação Stricto Sensu,Mestrado,GEOCIÊNCIAS,Campus - Setor Norte,,"Portaria MEC n.° 609 de 14/03/2019, publicada no DOU em 18/03/2019",
PPG-GEOC-M,Mestrado em Geociências,Integral (Matutino e Vespertino),Em atividade,Pós-Graduação Stricto Sensu,Mestrado,GEOCIÊNCIAS,Campus - Setor Norte,,"Portaria MEC n.° 609 de 14/03/2019, publicada no DOU em 18/03/2019",
PPG-GEO-D,Doutorado em Geografia,Integral (Matutino e Vespertino),Em atividade,Pós-Graduação Stricto Sensu,Doutorado,GEOGRAFIA                                                                                           ,Campus - Setor Norte,,,
PPG-GEO-M,Mestrado em Geografia,Integral (Matutino e Vespertino),Em atividade,Pós-Graduação Stricto Sensu,Mestrado,GEOGRAFIA                                                                                           ,Campus - Setor Norte,,"Portaria MEC n.° 656 de 22/05/2017, publicada no DOU em 27/07/2017",
PPG-GEOR-M,Mestrado em Geociências - Geologia Regional,Integral (Matutino e Vespertino),Em atividade,Pós-Graduação Stricto Sensu,Mestrado,GEOCIÊNCIAS,Campus - Setor Norte,,"Portaria MEC n.° 609 de 14/03/2019, publicada no DOU em 18/03/2019",
PPG-HIC-D,Doutorado em História - Cultura e Representações,Integral (Matutino e Vespertino),Em atividade,Pós-Graduação Stricto Sensu,Doutorado,HISTÓRIA,Campus - Setor Norte,,,
PPG-HIC-M,Mestrado em História - Cultura,Integral (Matutino e Vespertino),Em atividade,Pós-Graduação Stricto Sensu,Mestrado,HISTÓRIA,Campus - Setor Norte,,"Portaria MEC n.° 656 de 22/05/2017, publicada no DOU em 27/07/2017",
PPG-HIP-D,"Doutorado em História - Políticas, Instituições e Práticas Sociais",Integral (Matutino e Vespertino),Em atividade,Pós-Graduação Stricto Sensu,Doutorado,HISTÓRIA,Campus - Setor Norte,,,
PPG-HIP-M,Mestrado em História -  Política,Integral (Matutino e Vespertino),Em atividade,Pós-Graduação Stricto Sensu,Mestrado,HISTÓRIA,Campus - Setor Norte,,"Portaria MEC n.° 656 de 22/05/2017, publicada no DOU em 27/07/2017",
PPG-HIS-D,Doutorado em História,Integral (Matutino e Vespertino),Em atividade,Pós-Graduação Stricto Sensu,Doutorado,HISTÓRIA,Campus - Setor Norte,,,
PPG-HIS-M,Mestrado em História,Integral (Matutino e Vespertino),Em atividade,Pós-Graduação Stricto Sensu,Mestrado,HISTÓRIA,Campus - Setor Norte,,"Portaria MEC n.° 656 de 22/05/2017, publicada no DOU em 27/07/2017",
PPG-HIT-D,"Doutorado em História - Migrações, Trabalho e Movimentos Sociais na Amazônia",Integral (Matutino e Vespertino),Em atividade,Pós-Graduação Stricto Sensu,Doutorado,HISTÓRIA,Campus - Setor Norte,,,
PPG-HIT-M,Mestrado em História - Trabalho,Integral (Matutino e Vespertino),Em atividade,Pós-Graduação Stricto Sensu,Mestrado,HISTÓRIA,Campus - Setor Norte,,"Portaria MEC n.° 656 de 22/05/2017, publicada no DOU em 27/07/2017",
PPG-IFAR-D,Doutorado em Inovação Farmacêutica,Integral (Matutino e Vespertino),Em atividade,Pós-Graduação Stricto Sensu,Doutorado,FARMÁCIA,Faculdade de Ciências Farmacêuticas,,"Portaria MEC n.° 609 de 14/03/2019, publicada no DOU em 18/03/2019",
PPG-IMU-D,Doutorado em Imunologia Básica e Aplicada,Integral (Matutino e Vespertino),Em atividade,Pós-Graduação Stricto Sensu,Doutorado,IMUNOLOGIA,Campus - Setor Sul,,"Portaria MEC n.° 609 de 14/03/2019, publicada no DOU em 18/03/2019",
PPG-IMU-M,Mestrado em Imunologia Básica e Aplicada,Integral (Matutino e Vespertino),Em atividade,Pós-Graduação Stricto Sensu,Mestrado,IMUNOLOGIA,Campus - Setor Sul,,"Portaria MEC n.° 609 de 14/03/2019, publicada no DOU em 18/03/2019",
PPG-INF-D,Doutorado em Informática,Integral (Matutino e Vespertino),Em atividade,Pós-Graduação Stricto Sensu,Doutorado,CIÊNCIA DA COMPUTAÇÃO,Campus - Setor Sul,,"Portaria MEC n.° 609 de 14/03/2019, publicada no DOU em 18/03/2019",
PPG-INF-M,Mestrado em Informática,Integral (Matutino e Vespertino),Em atividade,Pós-Graduação Stricto Sensu,Mestrado,CIÊNCIA DA COMPUTAÇÃO,Campus - Setor Norte,,"Portaria MEC n.° 609 de 14/03/2019, publicada no DOU em 18/03/2019",
PPG-LET-M,Mestrado em Letras,Integral (Matutino e Vespertino),Em atividade,Pós-Graduação Stricto Sensu,Mestrado,LETRAS                                                                                              ,Campus - Setor Norte,,"Portaria MEC n.° 609 de 14/03/2019, publicada no DOU em 18/03/2019",
PPG-MAT-D,Doutorado em Matemática,Integral (Matutino e Vespertino),Em atividade,Pós-Graduação Stricto Sensu,Doutorado,ANÁLISE,Campus - Setor Norte,,"Portaria MEC n.° 656 de 22/05/2017, publicada no DOU em 27/07/2017",
PPG-MAT-M,Mestrado em Matemática,Integral (Matutino e Vespertino),Em atividade,Pós-Graduação Stricto Sensu,Mestrado,MATEMÁTICA,Campus - Setor Norte,,"Portaria MEC n.° 656 de 22/05/2017, publicada no DOU em 27/07/2017",
PPG-MAT-MP,Mestrado Profissional em Matemática em Rede Nacional,Integral (Matutino e Vespertino),Em atividade,Pós-Graduação Stricto Sensu,Mestrado Profissional,MATEMÁTICA,Campus - Setor Norte,,"Portaria MEC n.° 656 de 22/05/2017, publicada no DOU em 27/07/2017",
PPG-MCG-M,Mestrado em Matemática - Computação Gráfica,Integral (Matutino e Vespertino),Em atividade,Pós-Graduação Stricto Sensu,Mestrado,MATEMÁTICA,Campus - Setor Norte,,"Portaria MEC n.° 656 de 22/05/2017, publicada no DOU em 27/07/2017",
PPG-MES-M,Mestrado em Matemática - Estatística,Integral (Matutino e Vespertino),Em atividade,Pós-Graduação Stricto Sensu,Mestrado,MATEMÁTICA,Campus - Setor Norte,,"Portaria MEC n.° 656 de 22/05/2017, publicada no DOU em 27/07/2017",
PPG-MGE-M,Mestrado em Matemática - Geometria,Integral (Matutino e Vespertino),Em atividade,Pós-Graduação Stricto Sensu,Mestrado,MATEMÁTICA,Campus - Setor Norte,,"Portaria MEC n.° 656 de 22/05/2017, publicada no DOU em 27/07/2017",
PPG-MOT-M,Mestrado em Matemática - Otimização,Integral (Matutino e Vespertino),Em atividade,Pós-Graduação Stricto Sensu,Mestrado,MATEMÁTICA,Campus - Setor Norte,,"Portaria MEC n.° 656 de 22/05/2017, publicada no DOU em 27/07/2017",
PPG-ODO-M,Mestrado em Odontologia,Integral (Matutino e Vespertino),Em atividade,Pós-Graduação Stricto Sensu,Mestrado,ODONTOLOGIA                                                                                         ,Faculdade de Odontologia,,"Portaria MEC n.° 609 de 14/03/2019, publicada no DOU em 18/03/2019",
PPG-PAT-M,Mestrado em Patologia Tropical,Integral (Matutino e Vespertino),Em atividade,Pós-Graduação Stricto Sensu,Mestrado,ANATOMIA PATOLÓGICA E PATOLOGIA CLÍNICA,Faculdade de Medicina,Resolução N.º 001/95 - CONSUNI,"Portaria MEC n.° 2.530 de 04/09/2002, publicada no DOU  n.° 173 em 06/09/2002",
PPG-PPS-M,Mestrado em Psicologia: Processos Psicossociais,Integral (Matutino e Vespertino),Em atividade,Pós-Graduação Stricto Sensu,Mestrado,PSICOLOGIA SOCIAL                                                                                   ,Campus - Setor Sul,,"Portaria MEC n.° 609 de 14/03/2019, publicada no DOU em 18/03/2019",
PPG-PROEF,Mestrado Profissional em Educação Física em Rede Nacional,Matutino,Em atividade,Pós-Graduação Stricto Sensu,Mestrado,EDUCAÇÃO FÍSICA,Campus - Setor Sul,,,
PPG-PSIC-M,Mestrado em Psicologia,Integral (Matutino e Vespertino),Em atividade,Pós-Graduação Stricto Sensu,Mestrado,PSICOLOGIA                                                                                          ,Campus - Setor Sul,,"Portaria MEC n.° 609 de 14/03/2019, publicada no DOU em 18/03/2019",
PPG-PSI-M,Mestrado em Psicologia: Processos Psicológicos e Saúde,Noturno,Em atividade,Pós-Graduação Stricto Sensu,Mestrado,PSICOLOGIA SOCIAL                                                                                   ,Campus - Setor Sul,,"Portaria MEC n.° 609 de 14/03/2019, publicada no DOU em 18/03/2019",
PPG-QAN-D,Doutorado em Química Analítica,Integral (Matutino e Vespertino),Em atividade,Pós-Graduação Stricto Sensu,Doutorado,QUÍMICA ANALÍTICA,Campus - Setor Sul,,"Portaria MEC n.° 656 de 22/05/2017, publicada no DOU em 27/07/2017",
PPG-QAN-M,Mestrado em Química - Analítica,Integral (Matutino e Vespertino),Em atividade,Pós-Graduação Stricto Sensu,Mestrado,QUÍMICA ANALÍTICA,Campus - Setor Norte,Resolução n. 017/86,"Portaria MEC n.° 656 de 22/05/2017, publicada no DOU em 27/07/2017",
PPG-QFQ-D,Doutorado em Físico-Química,Integral (Matutino e Vespertino),Em atividade,Pós-Graduação Stricto Sensu,Doutorado,QUÍMICA,Campus - Setor Sul,,"Portaria MEC n.° 656 de 22/05/2017, publicada no DOU em 27/07/2017",
PPG-QFQ-M,Mestrado em Química - Físico-Química,Matutino,Em atividade,Pós-Graduação Stricto Sensu,Mestrado,QUÍMICA,Campus - Setor Norte,,"Portaria MEC n.° 656 de 22/05/2017, publicada no DOU em 27/07/2017",
PPG-QOR-D,Doutorado em Química Orgânica,Integral (Matutino e Vespertino),Em atividade,Pós-Graduação Stricto Sensu,Doutorado,QUÍMICA ORGÂNICA,Campus - Setor Sul,,"Portaria MEC n.° 656 de 22/05/2017, publicada no DOU em 27/07/2017",
PPG-QOR-M,Mestrado em Química - Orgânica,Integral (Matutino e Vespertino),Em atividade,Pós-Graduação Stricto Sensu,Mestrado,QUÍMICA ORGÂNICA,Campus - Setor Norte,,"Portaria MEC n.° 656 de 22/05/2017, publicada no DOU em 27/07/2017",
PPG-QPN,Mestrado em Química de Prod. Naturais,Diurno,Em atividade,Pós-Graduação Stricto Sensu,Mestrado,QUÍMICA,Campus - Setor Norte,,"Portaria MEC n.° 656 de 22/05/2017, publicada no DOU em 27/07/2017",
PPG-QUI-D,Doutorado em Química,Integral (Matutino e Vespertino),Em atividade,Pós-Graduação Stricto Sensu,Doutorado,QUÍMICA,Campus - Setor Sul,,"Portaria MEC n.° 656 de 22/05/2017, publicada no DOU em 27/07/2017",
PPG-QUI-M,Mestrado em Química,Integral (Matutino e Vespertino),Em atividade,Pós-Graduação Stricto Sensu,Mestrado,QUÍMICA,Campus - Setor Norte,Resolução nº 017/86,"Portaria MEC n.° 656 de 22/05/2017, publicada no DOU em 27/07/2017",
PPG-SCA-D,Doutorado em Sociedade e Cultura na Amazônia,Integral (Matutino e Vespertino),Em atividade,Pós-Graduação Stricto Sensu,Doutorado,CIÊNCIAS HUMANAS,Campus - Setor Norte,,"Portaria MEC n.° 609 de 14/03/2019, publicada no DOU em 18/03/2019",
PPG-SCA-M,Mestrado em Sociedade e Cultura na Amazônia,Integral (Matutino e Vespertino),Em atividade,Pós-Graduação Stricto Sensu,Mestrado,CIÊNCIAS HUMANAS,Campus - Setor Norte,,"Portaria MEC n.° 609 de 14/03/2019, publicada no DOU em 18/03/2019",
PPG-SCA-MI,Mestrado Interinstitucional em Sociedade e Cultura na Amazônia,Integral (Matutino e Vespertino),Em atividade,Pós-Graduação Stricto Sensu,Mestrado,CIÊNCIAS HUMANAS,Unidades Urbanas Dispersas,,Parecer CES nº 083/2003 - DOU nº 75,
PPG-SEA-M,"Mestrado em Saúde, Sociedade e Endemias na Amazônia",Integral (Matutino e Vespertino),Em atividade,Pós-Graduação Stricto Sensu,Mestrado,CIÊNCIAS DA SAÚDE,Campus - Setor Sul,,"Portaria MEC n.° 609 de 14/03/2019, publicada no DOU em 18/03/2019",
PPG-SES-M,Mestrado em Serviço Social e Sustentabilidade na Amazônia,Integral (Matutino e Vespertino),Em atividade,Pós-Graduação Stricto Sensu,Mestrado,SERVIÇO SOCIAL,Campus - Setor Norte,,"Portaria MEC n.° 609 de 14/03/2019, publicada no DOU em 18/03/2019",
PPG-SOC-M,Mestrado em Sociologia,Integral (Matutino e Vespertino),Em atividade,Pós-Graduação Stricto Sensu,Mestrado,SOCIOLOGIA                                                                                          ,Campus - Setor Norte,,"Portaria MEC n.° 609 de 14/03/2019, publicada no DOU em 18/03/2019",
PPG-SPA-D,Doutorado em Saúde Pública na Amazônia,Integral (Matutino e Vespertino),Em atividade,Pós-Graduação Stricto Sensu,Doutorado,SAÚDE PÚBLICA,Escola de Enfermagem,,,
PPG-ZOO-D,Doutorado em Zoologia,Integral (Matutino e Vespertino),Em atividade,Pós-Graduação Stricto Sensu,Doutorado,ZOOLOGIA,Campus - Setor Sul,,"Portaria MEC n.° 609 de 14/03/2019, publicada no DOU em 18/03/2019",
PPG-ZOO-M,Mestrado em Zoologia,Integral (Matutino e Vespertino),Em atividade,Pós-Graduação Stricto Sensu,Mestrado,ZOOLOGIA,Campus - Setor Sul,,"Portaria MEC n.° 609 de 14/03/2019, publicada no DOU em 18/03/2019",
PROFNIT-MP,Mestrado Profissional em Propriedade Intelectual e Transferência de Tecnologia para Inovação,Integral (Matutino e Vespertino),Em atividade,Pós-Graduação Stricto Sensu,Mestrado Profissional,CIÊNCIAS HUMANAS,Campus - Setor Norte,,"Portaria MEC n.° 609 de 14/03/2019, publicada no DOU em 18/03/2019",
1.63.15.01,Especialização em Hematologia Clínica,Integral (Matutino e Vespertino),Em atividade,Pós-Graduação Lato Sensu,Especialização,HEMATOLOGIA,Campus - Setor Sul,,,
