COD_CURSO;NOME_CURSO;NIVEL;TURNO;MODALIDADE;AREA_CONHECIMENTO;CAMPUS;DOC_AUTORIZACAO;DOC_RECONHECIMENTO;COD_EMEC
PL - EEI;Especialização em Educação Escolar Indígena;Pós-Graduação Lato Sensu;Integral (Matutino e Vespertino);Especialização;CIÊNCIAS HUMANAS;Campus - Setor Norte;;;
PL- GSE;Especialização em Gestão de Sistemas Educacionais;Pós-Graduação Lato Sensu;Integral (Matutino e Vespertino);Especialização;EDUCAÇÃO;Campus - Setor Norte;;;
PL- HEH;Especialização em Historiagrafia e Ensino de História;Pós-Graduação Lato Sensu;Integral (Matutino e Vespertino);Especialização;HISTÓRIA;Campus - Setor Norte;;;
PL-AFCP;Especialização em Administração Financeira e Contábil Pública;Pós-Graduação Lato Sensu;Integral (Matutino e Vespertino);Especialização;ADMINISTRAÇÃO FINANCEIRA;Campus - Setor Norte;;;
PL-ALF;Especialização em Alfabetização;Pós-Graduação Lato Sensu;Integral (Matutino e Vespertino);Especialização;EDUCAÇÃO;Campus de Humaitá;;;
PL-AP;Especialização em Administração Pública;Pós-Graduação Lato Sensu;Integral (Matutino e Vespertino);Especialização;ADMINISTRAÇÃO PÚBLICA;Campus - Setor Norte;;;
PL-APE;Especialização em Avaliações e Perícias de Engenharia;Pós-Graduação Lato Sensu;Integral (Matutino e Vespertino);Especialização;CIENCIAS EXATAS E DA TERRA;Campus - Setor Norte;;;
PL-APM;Especialização em Administração Pública Municipal;Pós-Graduação Lato Sensu;Integral (Matutino e Vespertino);Especialização;ADMINISTRAÇÃO PÚBLICA;Campus - Setor Norte;;;
PL-ARH;Especialização em Administração de Recursos Humanos;Pós-Graduação Lato Sensu;Integral (Matutino e Vespertino);Especialização;ADMINISTRAÇÃO;Campus - Setor Norte;;;
PL-BC;Especialização em Biologia da Conservação;Pós-Graduação Lato Sensu;Integral (Matutino e Vespertino);Especialização;CIÊNCIAS BIOLÓGICAS;Campus de Humaitá;;;
PL-BE;Especialização em Biblioteca Escolar;Pós-Graduação Lato Sensu;Integral (Matutino e Vespertino);Especialização;BIBLIOTECONOMIA;Campus - Setor Norte;;;
PL-CP;Especialização em Coordenação Pedagógica;Pós-Graduação Lato Sensu;Integral (Matutino e Vespertino);Especialização;EDUCAÇÃO;Campus - Setor Norte;;;
PL-DENT;Especialização em Dentística;Pós-Graduação Lato Sensu;Integral (Matutino e Vespertino);Especialização;CIÊNCIAS BIOLÓGICAS;Faculdade de Odontologia;;;
PL-DES;Especialização em Docência do Ensino Superior;Pós-Graduação Lato Sensu;Integral (Matutino e Vespertino);Especialização;EDUCAÇÃO;Campus de Parintins;;;
PL-DP;Especialização em Direito Público;Pós-Graduação Lato Sensu;Integral (Matutino e Vespertino);Especialização;DIREITO PÚBLICO;Campus - Setor Norte;;;
PL-EA;Especialização em Educação Ambiental;Pós-Graduação Lato Sensu;Integral (Matutino e Vespertino);Especialização;CIÊNCIAS AGRÁRIAS;Campus - Setor Sul;;;
PL-EAEEES;Especialização em Educação Ambiental com ênfase em Espaços Educacionais Sustentáveis;Pós-Graduação Lato Sensu;Integral (Matutino e Vespertino);Especialização;CIÊNCIAS AGRÁRIAS;Campus - Setor Sul;;;
PL-ECM;Especialização em Estratégia para Competitividade Empresarial;Pós-Graduação Lato Sensu;Integral (Matutino e Vespertino);Especialização;CIÊNCIAS HUMANAS;Campus - Setor Norte;;;
PL-EDCAM;Especialização em Educação do Campo: Práticas Pedagógicas;Pós-Graduação Lato Sensu;Integral (Matutino e Vespertino);Especialização;EDUCAÇÃO;Campus - Setor Norte;;;
PL-EFEM;Especialização em Ensino de Filosofia para o Ensino Médio;Pós-Graduação Lato Sensu;Integral (Matutino e Vespertino);Especialização;FILOSOFIA;Campus - Setor Sul;;;
PL-EFO;Especialização em Educação Física em Ortopedia;Pós-Graduação Lato Sensu;Integral (Matutino e Vespertino);Especialização;EDUCAÇÃO FÍSICA;Centro de Esportes;;;
PL-EGI;Especialização em Engenharia e Gestão Industrial;Pós-Graduação Lato Sensu;Integral (Matutino e Vespertino);Especialização;ENGENHARIAS;Campus - Setor Norte;;;
PL-EI;Especialização em Educação Infantil;Pós-Graduação Lato Sensu;Integral (Matutino e Vespertino);Especialização;CIÊNCIAS HUMANAS;Campus - Setor Norte;;;
PL-EIAI;Especialização em Educação Especial: uma abordagem inclusiva;Pós-Graduação Lato Sensu;Integral (Matutino e Vespertino);Especialização;CIÊNCIAS HUMANAS;Campus - Setor Norte;;;
PL-EMEM;Especialização em Ensino de Matemática para o Ensino Médio - EAD;Pós-Graduação Lato Sensu;Integral (Matutino e Vespertino);Especialização;MATEMÁTICA;Campus - Setor Norte;;;
PL-ENM;Especialização em Ensino de Matemática;Pós-Graduação Lato Sensu;Integral (Matutino e Vespertino);Especialização;CIENCIAS EXATAS E DA TERRA;Campus - Setor Norte;;;
PL-ENSMAT;Especialização em Ensino de Matemática;Pós-Graduação Lato Sensu;Integral (Matutino e Vespertino);Especialização;CIENCIAS EXATAS E DA TERRA;Campus de Parintins;;;
PL-EO;Especialização em Enfermagem Oncológica;Pós-Graduação Lato Sensu;Integral (Matutino e Vespertino);Especialização;ENFERMAGEM;Escola de Enfermagem;;;
PL-EOB;Especialização em Enfermagem Obstétrica;Pós-Graduação Lato Sensu;Integral (Matutino e Vespertino);Especialização;ENFERMAGEM OBSTÉTRICA;Escola de Enfermagem;;;
PL-EST;Especialização em Engenharia de Segurança do Trabalho;Pós-Graduação Lato Sensu;Integral (Matutino e Vespertino);Especialização;CIENCIAS EXATAS E DA TERRA;Campus - Setor Norte;;;
PL-ET;Especialização em Enfermagem do Trabalho;Pós-Graduação Lato Sensu;Integral (Matutino e Vespertino);Especialização;CIÊNCIAS BIOLÓGICAS;Escola de Enfermagem;;;
PL-ÉTICA2;Especialização em Ética;Pós-Graduação Lato Sensu;Integral (Matutino e Vespertino);Especialização;FILOSOFIA;Campus - Setor Norte;;;
PL-EVP;Especialização em Engenharia de Avaliações e Perícias;Pós-Graduação Lato Sensu;Integral (Matutino e Vespertino);Especialização;ENGENHARIAS;Campus - Setor Norte;;;
PL-FIH;Especialização em Fisiologia Humana;Pós-Graduação Lato Sensu;Integral (Matutino e Vespertino);Especialização;FISIOLOGIA;Campus - Setor Sul;;;
PL-GAB;Especialização em Geografia da Amazônia Brasileira;Pós-Graduação Lato Sensu;Integral (Matutino e Vespertino);Especialização;GEOGRAFIA;Campus - Setor Norte;;;
PL-GAE;Especialização em Gestão de Arquivos Empresariais;Pós-Graduação Lato Sensu;Integral (Matutino e Vespertino);Especialização;CIÊNCIAS HUMANAS;Campus - Setor Norte;;;
PL-GAEM;Especialização em Gestão Ambiental Empresarial;Pós-Graduação Lato Sensu;Integral (Matutino e Vespertino);Especialização;CIÊNCIAS AGRÁRIAS;Campus - Setor Norte;;;
PL-GA-PAA;Especialização em Gestão Ambiental, com ênfase em Perícia e Auditoria Ambiental;Pós-Graduação Lato Sensu;Integral (Matutino e Vespertino);Especialização;ADMINISTRAÇÃO;Campus - Setor Sul;;;
PL-GECTR;Especialização em Gestão Contábil Tributária;Pós-Graduação Lato Sensu;Integral (Matutino e Vespertino);Especialização;CONTABILIDADE E FINANÇAS PÚBLICAS;Campus - Setor Norte;;;
PL-GED;Especialização em Gestão da Educação (Benjamin Constant);Pós-Graduação Lato Sensu;Integral (Matutino e Vespertino);Especialização;CIÊNCIAS HUMANAS;Campus - Setor Norte;;;
PL-GEOP;Especialização em Geoprocessamento;Pós-Graduação Lato Sensu;Integral (Matutino e Vespertino);Especialização;CIENCIAS EXATAS E DA TERRA;Campus - Setor Norte;;;
PL-GERUS;Especialização em Gerência de Unidades Básicas de Saúde-GERUS;Pós-Graduação Lato Sensu;Integral (Matutino e Vespertino);Especialização;CIÊNCIAS BIOLÓGICAS;Faculdade de Ciências Farmacêuticas;;;
PL-GES;Especialização em Gestão Escolar;Pós-Graduação Lato Sensu;Integral (Matutino e Vespertino);Especialização;CIÊNCIAS HUMANAS;Campus - Setor Norte;;;
PL-GFE-E;Especialização em Gerência Financeira Empresarial;Pós-Graduação Lato Sensu;Integral (Matutino e Vespertino);Especialização;ADMINISTRAÇÃO;Campus - Setor Norte;;;
PL-GLEM;Especialização em Gestão de Logística Empresarial;Pós-Graduação Lato Sensu;Integral (Matutino e Vespertino);Especialização;CIENCIAS EXATAS E DA TERRA;Campus - Setor Sul;;;
PL-GP;Especialização em Gestão Pública;Pós-Graduação Lato Sensu;Integral (Matutino e Vespertino);Especialização;CIÊNCIAS HUMANAS;Campus - Setor Sul;;;
PL-GPC;Especialização em Gestão e Planejamento Contábil Tributário;Pós-Graduação Lato Sensu;Integral (Matutino e Vespertino);Especialização;CONTABILIDADE E FINANÇAS PÚBLICAS;Campus - Setor Norte;;;
PL-GPP;Especialização em Gestão das Políticas Públicas;Pós-Graduação Lato Sensu;Integral (Matutino e Vespertino);Especialização;ADMINISTRAÇÃO;Campus - Setor Norte;;;
PL-GS;Especialização em Gestão em Saúde;Pós-Graduação Lato Sensu;Integral (Matutino e Vespertino);Especialização;CIÊNCIAS HUMANAS;Campus - Setor Sul;;;
PL-HEH;Especialização em  Historiografia e Ensino de História;Pós-Graduação Lato Sensu;Integral (Matutino e Vespertino);Especialização;CIÊNCIAS HUMANAS;Campus - Setor Norte;;;
PL-HEMO;Especialização em Hemoterapia;Pós-Graduação Lato Sensu;Integral (Matutino e Vespertino);Especialização;CIÊNCIAS BIOLÓGICAS;Faculdade de Medicina;;;
PL-LING;Especialização em Linguística;Pós-Graduação Lato Sensu;Integral (Matutino e Vespertino);Especialização;CIÊNCIAS HUMANAS;Campus - Setor Norte;;;
PL-LL;Especialização em Língua Inglesa;Pós-Graduação Lato Sensu;Integral (Matutino e Vespertino);Especialização;LÍNGUAS ESTRANGEIRAS MODERNAS;Campus - Setor Norte;;;
PL-LPEPT;Especialização em Língua Portuguesa com Ênfase em Produção Textual;Pós-Graduação Lato Sensu;Integral (Matutino e Vespertino);Especialização;CIÊNCIAS HUMANAS;Campus - Setor Norte;;;
PL-MAE;Especialização em Marketing Empresarial;Pós-Graduação Lato Sensu;Integral (Matutino e Vespertino);Especialização;CIÊNCIAS HUMANAS;Campus - Setor Norte;;;
PL-MAT;Especialização em Matemática;Pós-Graduação Lato Sensu;Integral (Matutino e Vespertino);Especialização;CIENCIAS EXATAS E DA TERRA;Campus - Setor Norte;;;
PL-MBA-EPE;MBA em Engenharia de Produção em ênfase na indústria 4.0;Pós-Graduação Lato Sensu;Integral (Matutino e Vespertino);Especialização;ENGENHARIAS;Campus - Setor Norte;;;
PL-MELI;Especialização em Metodologia do Ensino da Língua Inglesa;Pós-Graduação Lato Sensu;Integral (Matutino e Vespertino);Especialização;CIÊNCIAS HUMANAS;Campus - Setor Norte;;;
PL-MES-PRT;Especialização em Metodologia do Ensino Superior - Parintins;Pós-Graduação Lato Sensu;Integral (Matutino e Vespertino);Especialização;EDUCAÇÃO;Campus de Parintins;;;
PL-MGMU;Especialização em MBA Gestão em Mobilidade Urbana;Pós-Graduação Lato Sensu;Integral (Matutino e Vespertino);Especialização;ADMINISTRAÇÃO;Campus - Setor Norte;;;
PL-MGO;MBA Executivo: Gestão de Organizações - Operações e Serviços;Pós-Graduação Lato Sensu;Integral (Matutino e Vespertino);Especialização;ADMINISTRAÇÃO;Campus - Setor Norte;;;
PL-MGS;MBA em Gestão em Serviços de Saúde;Pós-Graduação Lato Sensu;Integral (Matutino e Vespertino);Especialização;ADMINISTRAÇÃO;Campus - Setor Norte;;;
PL-MT;Especialização em Medicina do Trabalho;Pós-Graduação Lato Sensu;Integral (Matutino e Vespertino);Especialização;CIÊNCIAS DA SAÚDE;Faculdade de Medicina;;;
PL-MUS;Especialização em Museologia;Pós-Graduação Lato Sensu;Integral (Matutino e Vespertino);Especialização;CIÊNCIAS HUMANAS;Campus - Setor Norte;;;
PL-ORT;Especialização em Ortodontia;Pós-Graduação Lato Sensu;Integral (Matutino e Vespertino);Especialização;ORTODONTIA;Faculdade de Odontologia;;;
PL-PLPP;Especialização em Poder Legislativo e Políticas Públicas;Pós-Graduação Lato Sensu;Integral (Matutino e Vespertino);Especialização;DIREITO;Campus - Setor Norte;;;
PL-PMD;Especialização em Produção de Material Didático para EAD;Pós-Graduação Lato Sensu;Integral (Matutino e Vespertino);Especialização;AGROPECUÁRIA E PESCA;Campus - Setor Norte;;;
PL-PSM-TJ;Especialização em Psicomotricidade Através do Uso de Técnicas de Jogos Cooperativos;Pós-Graduação Lato Sensu;Integral (Matutino e Vespertino);Especialização;CIÊNCIAS BIOLÓGICAS;Centro de Esportes;;;
PL-SA;Especialização em Saneamento Ambiental;Pós-Graduação Lato Sensu;Integral (Matutino e Vespertino);Especialização;SANEAMENTO AMBIENTAL;Campus - Setor Norte;;;
PL-SAVUE;Especialização em Suporte Avançado de Vida - Urg. e Emergência;Pós-Graduação Lato Sensu;Integral (Matutino e Vespertino);Especialização;CIÊNCIAS DA SAÚDE;Escola de Enfermagem;;;
PL-SEM;Especialização em Supervisão Educacional (Maués);Pós-Graduação Lato Sensu;Integral (Matutino e Vespertino);Especialização;EDUCAÇÃO;Campus - Setor Norte;;;
PL-SF;Especialização em Saúde da Família;Pós-Graduação Lato Sensu;Integral (Matutino e Vespertino);Especialização;CIÊNCIAS DA SAÚDE;Escola de Enfermagem;;;
PL-SF-EAD;Especialização em Saúde da Família - EAD;Pós-Graduação Lato Sensu;Integral (Matutino e Vespertino);Especialização;CIÊNCIAS DA SAÚDE;Faculdade de Medicina;;;
PL-SFN;Especialização em Saúde da Família e Nutrição;Pós-Graduação Lato Sensu;Integral (Matutino e Vespertino);Especialização;SAÚDE PÚBLICA;Faculdade de Medicina;;;
PL-SPSI;Espec. em Saúde Pública com enfoque em Saúde Indígena (São Gabriel da Cachoeira);Pós-Graduação Lato Sensu;Integral (Matutino e Vespertino);Especialização;ENFERMAGEM DE SAÚDE PÚBLICA;Escola de Enfermagem;;;
PL-SVT-E;Especialização em Sistemas de Vídeo e Tecnologia LCD, TFT e Plasma;Pós-Graduação Lato Sensu;Integral (Matutino e Vespertino);Especialização;SISTEMAS DE TELECOMUNICAÇÕES;Campus - Setor Norte;;;
PL-TDGN;Especialização em Tecnologias de Distribuição de Gás Natural;Pós-Graduação Lato Sensu;Integral (Matutino e Vespertino);Especialização;CIENCIAS EXATAS E DA TERRA;Campus - Setor Norte;;;
PL-TGT;Especialização em Turismo e Gestão Territorial;Pós-Graduação Lato Sensu;Integral (Matutino e Vespertino);Especialização;TURISMO;Campus - Setor Norte;;;
PL-TMPAF;Especialização em Teoria e Metodologia da Prescrição da Atividade Física;Pós-Graduação Lato Sensu;Integral (Matutino e Vespertino);Especialização;CIÊNCIAS BIOLÓGICAS;Centro de Esportes;;;
PL-TVD;Especialização em TV Digital;Pós-Graduação Lato Sensu;Integral (Matutino e Vespertino);Especialização;TELECOMUNICAÇÕES;Campus - Setor Sul;;;
PL-TVDHDTV;Especialização em TV Digital e HDTV;Pós-Graduação Lato Sensu;Integral (Matutino e Vespertino);Especialização;TELECOMUNICAÇÕES;Campus - Setor Norte;;;
PL-URG;Especialização em Enfermagem em Urgência e Emergência;Pós-Graduação Lato Sensu;Integral (Matutino e Vespertino);Especialização;ENFERMAGEM;Escola de Enfermagem;;;
1.63.15.01;Especialização em Hematologia Clínica;Pós-Graduação Lato Sensu;Integral (Matutino e Vespertino);Especialização;HEMATOLOGIA;Campus - Setor Sul;;;
PL-CEXT;Especialização em Comércio Exterior;Pós-Graduação Lato Sensu;Noturno;Especialização;ECONOMIA;Campus - Setor Norte;;;
PL-EELL;Especialização em Ensino de Espanhol: Língua e Literaturas;Pós-Graduação Lato Sensu;Matutino;Especialização;CIÊNCIAS HUMANAS;Campus - Setor Norte;;;
PL-EM;Especialização em Ensino de Matemática (Manaus);Pós-Graduação Lato Sensu;Vespertino;Especialização;MATEMÁTICA;Campus - Setor Sul;;;
PL-EMC;Especialização em Ensino de Matemática (Coari);Pós-Graduação Lato Sensu;Diurno;Especialização;MATEMÁTICA;Campus de Coari;;;
PL-EQ;Especialização em Ensino de Química;Pós-Graduação Lato Sensu;Matutino;Especialização;QUÍMICA;Campus - Setor Norte;;;
PL-GCT;Especialização em Gestão Contábil Tributária;Pós-Graduação Lato Sensu;Noturno;Especialização;CIÊNCIAS CONTÁBEIS;Campus - Setor Norte;;;
PL-LEMP;Especialização em Logística Empresarial;Pós-Graduação Lato Sensu;Noturno;Especialização;ADMINISTRAÇÃO DE EMPRESAS;Campus - Setor Norte;;;
PL-MED;Especialização em Mídias na Educação;Pós-Graduação Lato Sensu;Diurno;Especialização;ARTES;Unidades Urbanas Dispersas;;;
PL-PD;Curso de Especialização em Prática Defensorial;Pós-Graduação Lato Sensu;Matutino;Especialização;DIREITO;Campus - Setor Norte;;;
PL-PEVD;Especialização em Políticas de Enfrentamento à Violência Doméstica;Pós-Graduação Lato Sensu;Matutino;Especialização;CIÊNCIAS HUMANAS;Campus - Setor Norte;;;
PL-PSIM;Especialização em Psicopedagogia (Maués);Pós-Graduação Lato Sensu;Noturno;Especialização;PSICOLINGÜÍSTICA;Campus - Setor Norte;;;
PL-SSAF;Especialização em Serviço Social e Assistência à Família;Pós-Graduação Lato Sensu;Matutino;Especialização;SERVIÇO SOCIAL;Campus - Setor Norte;;;
PL-TDES;Especialização em Teoria e Metodologia do Treinamento Desportivo para Crianças e Jovens;Pós-Graduação Lato Sensu;Noturno;Especialização;EDUCAÇÃO FÍSICA;Campus - Setor Sul;;;
PL-UTIN;Especialização em Enfermagem em UTI - Neonatal;Pós-Graduação Lato Sensu;Matutino;Especialização;ENFERMAGEM;Escola de Enfermagem;;;
PL-GEM;Especialização em Gestão em Engenharia de Manutenção;Pós-Graduação Lato Sensu;Integral (Matutino e Vespertino);Licenciatura Plena;ENGENHARIAS;Campus - Setor Sul;;;
PL-RPSAPNU;Especialização em Atenção a Paciente Adulto Neurocirúrgico em UTI;Pós-Graduação Lato Sensu;Integral (Matutino e Vespertino);Especialização em Residência Médica;ATENÇÃO EM TERAPIA INTENSIVA;Hospital Universitário;;;
PL-SI;Especialização em Saúde Indígena;Pós-Graduação Lato Sensu;Integral (Matutino e Vespertino);Licenciatura Plena;CIÊNCIAS DA SAÚDE;Escola de Enfermagem;;;
PPG-ART-MP;Mestrado Profissional em Artes;Pós-Graduação Stricto Sensu;Integral (Matutino e Vespertino);Mestrado Profissional;ARTES;Campus - Setor Norte;;;
PPG-EAN-M;Mestrado em Educação - Educação e Antropologia;Pós-Graduação Stricto Sensu;Integral (Matutino e Vespertino);Mestrado;EDUCAÇÃO;Campus - Setor Norte;;;
PPG-EFE-M;Mestrado em Educação - Formação do Educador;Pós-Graduação Stricto Sensu;Integral (Matutino e Vespertino);Mestrado;HISTÓRIA;Campus - Setor Norte;;;
PPG-EHI-M;Mestrado em Educação - História da Educação;Pós-Graduação Stricto Sensu;Integral (Matutino e Vespertino);Mestrado;HISTÓRIA;Campus - Setor Norte;;;
PPG-EPP-M;Mestrado em Educação - Educação e Políticas Públicas;Pós-Graduação Stricto Sensu;Integral (Matutino e Vespertino);Mestrado;EDUCAÇÃO;Campus - Setor Norte;;;
PPG-ERA-M;Mestrado em Engenharia de Recursos da Amazônia;Pós-Graduação Stricto Sensu;Integral (Matutino e Vespertino);Mestrado;ENGENHARIAS;Campus - Setor Sul;;;
PPG-GEO-D;Doutorado em Geografia;Pós-Graduação Stricto Sensu;Integral (Matutino e Vespertino);Doutorado;GEOGRAFIA;Campus - Setor Norte;;;
PPG-HIC-D;Doutorado em História - Cultura e Representações;Pós-Graduação Stricto Sensu;Integral (Matutino e Vespertino);Doutorado;HISTÓRIA;Campus - Setor Norte;;;
PPG-HIP-D;Doutorado em História - Políticas, Instituições e Práticas Sociais;Pós-Graduação Stricto Sensu;Integral (Matutino e Vespertino);Doutorado;HISTÓRIA;Campus - Setor Norte;;;
PPG-HIS-D;Doutorado em História;Pós-Graduação Stricto Sensu;Integral (Matutino e Vespertino);Doutorado;HISTÓRIA;Campus - Setor Norte;;;
PPG-HIT-D;Doutorado em História - Migrações, Trabalho e Movimentos Sociais na Amazônia;Pós-Graduação Stricto Sensu;Integral (Matutino e Vespertino);Doutorado;HISTÓRIA;Campus - Setor Norte;;;
PPG-PROEF;Mestrado Profissional em Educação Física em Rede Nacional;Pós-Graduação Stricto Sensu;Matutino;Mestrado;EDUCAÇÃO FÍSICA;Campus - Setor Sul;;;
PPG-SPA-D;Doutorado em Saúde Pública na Amazônia;Pós-Graduação Stricto Sensu;Integral (Matutino e Vespertino);Doutorado;SAÚDE PÚBLICA;Escola de Enfermagem;;;
PL-AC;Especialização em Análises Clínicas;Pós-Graduação Lato Sensu;Vespertino;Especialização;FISIOTERAPIA E TERAPIA OCUPACIONAL;Unidades Urbanas Dispersas;;Resolução nº 013/2005;
PL-EC;Especialização em Ensino de Ciências;Pós-Graduação Lato Sensu;Integral (Matutino e Vespertino);Especialização;ENSINO-APRENDIZAGEM;Campus de Coari;;RESOLUÇÃO Nº 007, DE 7 DE MARÇO DE 2022;
PL-EDSC;Espec. em Educ. para o Desenvolvimento Sustentável (Coari);Pós-Graduação Lato Sensu;Vespertino;Especialização;CIÊNCIAS BIOLÓGICAS;Campus de Coari;;Resolução nº 024/2004;
PL-EDSH;Espec. em Educ. para o Desenvolvimento Sustentável (Humaitá);Pós-Graduação Lato Sensu;Diurno;Especialização;CIÊNCIAS BIOLÓGICAS;Campus de Humaitá;;Resolução nº 025/2004 CONSEPE 13.05.2004;
PL-EDSI;Espec. em Educ. para o Desenvolvimento Sustentável (Itacoatiara);Pós-Graduação Lato Sensu;Vespertino;Especialização;CIÊNCIAS BIOLÓGICAS;Campus de Itacoatiara;;Resolução nº 025/2004 consepe - 13.05.2004;
PL-EDSP;Espec. em Educ. para o Desenvolvimento Sustentável (Parintins);Pós-Graduação Lato Sensu;Diurno;Especialização;CIÊNCIAS BIOLÓGICAS;Campus de Parintins;;Resolução nº 025/2004 consepe - 13.05.2004;
PL-EMT;Especialização em Ensino de Matemática (Tefé);Pós-Graduação Lato Sensu;Diurno;Especialização;MATEMÁTICA;Prédios de Terceiros;;Resolução nº 030/2005;
PL-EUTIA;Especialização em Enfermagem em U.T.I.;Pós-Graduação Lato Sensu;Vespertino;Especialização;ENFERMAGEM;Unidades Urbanas Dispersas;;Resolução nº 029/2004 CONSEPE - 13.05.2004;
PL-GAA;Especialização em Geotecnologias Aplicadas à Amazônia;Pós-Graduação Lato Sensu;Vespertino;Especialização;CIÊNCIAS AGRÁRIAS;Campus - Setor Sul;;Resolucao nº 032/2003;
PL-GPM;Especialização em Gestão Pública Municipal;Pós-Graduação Lato Sensu;Integral (Matutino e Vespertino);Especialização;CIÊNCIAS HUMANAS;Campus - Setor Sul;;O curso foi ministrado de acordo com o disposto na Resolução Nº 01/2007 do Conselho Nacional de Educação.;
PL-MH;Especialização em Morfologia Humana;Pós-Graduação Lato Sensu;Matutino;Especialização;CIÊNCIAS BIOLÓGICAS;Campus - Setor Sul;;Resolução nº021/2004;
PL-PGA;Especialização em Planejamento e Gerenciamento de Águas;Pós-Graduação Lato Sensu;Integral (Matutino e Vespertino);Especialização;CIÊNCIAS AGRÁRIAS;Campus - Setor Sul;;Resolução nº;
PL-SOFT;Especialização em Des. Sist. bas. em Software Livre;Pós-Graduação Lato Sensu;Vespertino;Especialização;CIÊNCIA DA COMPUTAÇÃO;Campus - Setor Sul;;Resolução nº 032/2004 - CONSEPE 13/05/2004;
PL-TWEB;Especialização em Tecnologia para a Web;Pós-Graduação Lato Sensu;Vespertino;Especialização;CIÊNCIA DA COMPUTAÇÃO;Campus - Setor Sul;;Resolução Nº 010/2003 CONSEPE - 11.03.2003;
PPG-ATR-D;Doutorado em Agronomia Tropical;Pós-Graduação Stricto Sensu;Integral (Matutino e Vespertino);Doutorado;CIÊNCIAS AGRÁRIAS;Campus - Setor Sul;;Portaria MEC n.° 609 de 14/03/2019, publicada no DOU em 18/03/2019;
PPG-ATR-M;Mestrado em Agronomia Tropical;Pós-Graduação Stricto Sensu;Integral (Matutino e Vespertino);Mestrado;CIÊNCIAS AGRÁRIAS;Campus - Setor Sul;;Portaria MEC n.° 609 de 14/03/2019, publicada no DOU em 18/03/2019;
PPG-BIO-D;Doutorado em Biodiversidade e Biotecnologia da Rede Bionorte;Pós-Graduação Stricto Sensu;Integral (Matutino e Vespertino);Doutorado;CIÊNCIAS BIOLÓGICAS;Campus - Setor Sul;;Portaria MEC n.° 609 de 14/03/2019, publicada no DOU em 18/03/2019;
PPG-BIOT-M;Mestrado em Biotecnologia;Pós-Graduação Stricto Sensu;Integral (Matutino e Vespertino);Mestrado;BIOTECNOLOGIA;Campus - Setor Sul;;Portaria MEC n.° 609 de 14/03/2019, publicada no DOU em 18/03/2019;
PPG-CA-M;Mestrado em Ciências Ambientais;Pós-Graduação Stricto Sensu;Integral (Matutino e Vespertino);Mestrado;CIÊNCIAS AMBIENTAIS;Campus de Humaitá;;Portaria MEC n.° 609 de 14/03/2019, publicada no DOU em 18/03/2019;
PPG-CAN-M;Mestrado em Ciência Animal;Pós-Graduação Stricto Sensu;Integral (Matutino e Vespertino);Mestrado;ZOOTECNIA;Campus - Setor Sul;;Portaria MEC n.° 609 de 14/03/2019, publicada no DOU em 18/03/2019;
PPG-CARP-M;Mestrado em Ciência Animal e Recursos Pesqueiros;Pós-Graduação Stricto Sensu;Integral (Matutino e Vespertino);Mestrado;CIÊNCIAS AGRÁRIAS;Campus - Setor Sul;;Portaria Nro 194, de 4 de dezembro de 2020, publicado no DOU em 8 de dezembro de 2020.;
PPG-CASA-M;Mestrado em Ciências do Ambiente e Sustentabilidade na Amazônia;Pós-Graduação Stricto Sensu;Integral (Matutino e Vespertino);Mestrado;CIÊNCIAS AMBIENTAIS;Campus - Setor Sul;;Portaria MEC n.° 609 de 14/03/2019, publicada no DOU em 18/03/2019;
PPG-CFAR-M;Mestrado em Ciências Farmacêuticas;Pós-Graduação Stricto Sensu;Matutino;Mestrado;FARMÁCIA;Faculdade de Ciências Farmacêuticas;;Portaria MEC n.° 609 de 14/03/2019, publicada no DOU em 18/03/2019;
PPG-CIFA-M;Mestrado em Ciências Florestais e Ambientais;Pós-Graduação Stricto Sensu;Integral (Matutino e Vespertino);Mestrado;RECURSOS FLORESTAIS E ENGENHARIA FLORESTAL;Campus - Setor Sul;;Portaria MEC n.° 609 de 14/03/2019, publicada no DOU em 18/03/2019;
PPG-CIMH-M;Mestrado em Ciências do Movimento Humano;Pós-Graduação Stricto Sensu;Integral (Matutino e Vespertino);Mestrado;EDUCAÇÃO FÍSICA;Centro de Esportes;;Portaria nº 540, DE 15 de Junho de 2020, publicado no DOU de nº 114 de 17/06/2020;
PPG-CIR-M;Mestrado Profissional em Cirurgia;Pós-Graduação Stricto Sensu;Integral (Matutino e Vespertino);Mestrado Profissional;CIRURGIA;Faculdade de Medicina;;Portaria MEC n.° 609 de 14/03/2019, publicada no DOU em 18/03/2019;
PPG-CIS-M;Mestrado em Ciências da Saúde;Pós-Graduação Stricto Sensu;Matutino;Mestrado;CIÊNCIAS DA SAÚDE;Campus - Setor Sul;;Portaria MEC n.° 609 de 14/03/2019, publicada no DOU em 18/03/2019;
PPG-CPT-D;Doutorado em Ciências Pesqueiras nos Trópicos;Pós-Graduação Stricto Sensu;Integral (Matutino e Vespertino);Doutorado;RECURSOS PESQUEIROS E ENGENHARIA DE PESCA;Campus - Setor Sul;;Portaria MEC n.° 656 de 22/05/2017, publicada no DOU em 27/07/2017;
PPG-CPT-M;Mestrado em Ciências Pesqueiras nos Trópicos;Pós-Graduação Stricto Sensu;Integral (Matutino e Vespertino);Mestrado;RECURSOS PESQUEIROS E ENGENHARIA DE PESCA;Campus - Setor Sul;;Portaria MEC n.° 656 de 22/05/2017, publicada no DOU em 27/07/2017;
PPG-CTRA-M;Mestrado em Ciência e Tecnologia para Recursos Amazônicos;Pós-Graduação Stricto Sensu;Integral (Matutino e Vespertino);Mestrado;CIÊNCIAS AMBIENTAIS;Campus de Itacoatiara;;Portaria MEC n.° 609 de 14/03/2019, publicada no DOU em 18/03/2019;
PPG-DIB-D;Doutorado em Diversidade Biológica;Pós-Graduação Stricto Sensu;Integral (Matutino e Vespertino);Doutorado;ECOLOGIA APLICADA;Campus - Setor Sul;;Portaria MEC n.° 656 de 22/05/2017, publicada no DOU em 27/07/2017;
PPG-DIB-M;Mestrado em Diversidade Biológica;Pós-Graduação Stricto Sensu;Integral (Matutino e Vespertino);Mestrado;ECOLOGIA APLICADA;Campus - Setor Sul;;Portaria MEC n.° 656 de 22/05/2017, publicada no DOU em 27/07/2017;
PPG-ECAM-M;Mestrado Profissional em Rede Nacional para o Ensino de Ciências Ambientais;Pós-Graduação Stricto Sensu;Integral (Matutino e Vespertino);Mestrado;CIENCIAS EXATAS E DA TERRA;Campus - Setor Sul;;Portaria MEC n.° 1.041, de 09/11/2016, publicada no DOU em 12/09/2016;
PPG-ECH-M;Mestrado em Ensino de Ciências e Humanidades;Pós-Graduação Stricto Sensu;Integral (Matutino e Vespertino);Mestrado;ENSINO-APRENDIZAGEM;Campus de Humaitá;;Portaria MEC n.° 654 de 22/05/2017, publicada no DOU em 23/05/2017;
PPG-ENF-M;Mestrado em Enfermagem;Pós-Graduação Stricto Sensu;Integral (Matutino e Vespertino);Mestrado em Associação;ENFERMAGEM;Escola de Enfermagem;;Portaria MEC n.° 609 de 14/03/2019, publicada no DOU em 18/03/2019;
PPG-ENF-MP;Mestrado em Enfermagem no Contexto Amazônico;Pós-Graduação Stricto Sensu;Integral (Matutino e Vespertino);Mestrado;ENFERMAGEM;Escola de Enfermagem;;Portaria MEC n.° 472 de 11/05/2020, publicada no DOU em 13/05/2020;
PPG-IFAR-D;Doutorado em Inovação Farmacêutica;Pós-Graduação Stricto Sensu;Integral (Matutino e Vespertino);Doutorado;FARMÁCIA;Faculdade de Ciências Farmacêuticas;;Portaria MEC n.° 609 de 14/03/2019, publicada no DOU em 18/03/2019;
PPG-IMU-D;Doutorado em Imunologia Básica e Aplicada;Pós-Graduação Stricto Sensu;Integral (Matutino e Vespertino);Doutorado;IMUNOLOGIA;Campus - Setor Sul;;Portaria MEC n.° 609 de 14/03/2019, publicada no DOU em 18/03/2019;
PPG-IMU-M;Mestrado em Imunologia Básica e Aplicada;Pós-Graduação Stricto Sensu;Integral (Matutino e Vespertino);Mestrado;IMUNOLOGIA;Campus - Setor Sul;;Portaria MEC n.° 609 de 14/03/2019, publicada no DOU em 18/03/2019;
PPG-INF-D;Doutorado em Informática;Pós-Graduação Stricto Sensu;Integral (Matutino e Vespertino);Doutorado;CIÊNCIA DA COMPUTAÇÃO;Campus - Setor Sul;;Portaria MEC n.° 609 de 14/03/2019, publicada no DOU em 18/03/2019;
PPG-ODO-M;Mestrado em Odontologia;Pós-Graduação Stricto Sensu;Integral (Matutino e Vespertino);Mestrado;ODONTOLOGIA;Faculdade de Odontologia;;Portaria MEC n.° 609 de 14/03/2019, publicada no DOU em 18/03/2019;
PPG-PPS-M;Mestrado em Psicologia: Processos Psicossociais;Pós-Graduação Stricto Sensu;Integral (Matutino e Vespertino);Mestrado;PSICOLOGIA SOCIAL;Campus - Setor Sul;;Portaria MEC n.° 609 de 14/03/2019, publicada no DOU em 18/03/2019;
PPG-PSIC-M;Mestrado em Psicologia;Pós-Graduação Stricto Sensu;Integral (Matutino e Vespertino);Mestrado;PSICOLOGIA;Campus - Setor Sul;;Portaria MEC n.° 609 de 14/03/2019, publicada no DOU em 18/03/2019;
PPG-PSI-M;Mestrado em Psicologia: Processos Psicológicos e Saúde;Pós-Graduação Stricto Sensu;Noturno;Mestrado;PSICOLOGIA SOCIAL;Campus - Setor Sul;;Portaria MEC n.° 609 de 14/03/2019, publicada no DOU em 18/03/2019;
PPG-QAN-D;Doutorado em Química Analítica;Pós-Graduação Stricto Sensu;Integral (Matutino e Vespertino);Doutorado;QUÍMICA ANALÍTICA;Campus - Setor Sul;;Portaria MEC n.° 656 de 22/05/2017, publicada no DOU em 27/07/2017;
PPG-QFQ-D;Doutorado em Físico-Química;Pós-Graduação Stricto Sensu;Integral (Matutino e Vespertino);Doutorado;QUÍMICA;Campus - Setor Sul;;Portaria MEC n.° 656 de 22/05/2017, publicada no DOU em 27/07/2017;
PPG-QOR-D;Doutorado em Química Orgânica;Pós-Graduação Stricto Sensu;Integral (Matutino e Vespertino);Doutorado;QUÍMICA ORGÂNICA;Campus - Setor Sul;;Portaria MEC n.° 656 de 22/05/2017, publicada no DOU em 27/07/2017;
PPG-QUI-D;Doutorado em Química;Pós-Graduação Stricto Sensu;Integral (Matutino e Vespertino);Doutorado;QUÍMICA;Campus - Setor Sul;;Portaria MEC n.° 656 de 22/05/2017, publicada no DOU em 27/07/2017;
PPG-SCA-MI;Mestrado Interinstitucional em Sociedade e Cultura na Amazônia;Pós-Graduação Stricto Sensu;Integral (Matutino e Vespertino);Mestrado;CIÊNCIAS HUMANAS;Unidades Urbanas Dispersas;;Parecer CES nº 083/2003 - DOU nº 75;
PPG-SEA-M;Mestrado em Saúde, Sociedade e Endemias na Amazônia;Pós-Graduação Stricto Sensu;Integral (Matutino e Vespertino);Mestrado;CIÊNCIAS DA SAÚDE;Campus - Setor Sul;;Portaria MEC n.° 609 de 14/03/2019, publicada no DOU em 18/03/2019;
PPG-ZOO-D;Doutorado em Zoologia;Pós-Graduação Stricto Sensu;Integral (Matutino e Vespertino);Doutorado;ZOOLOGIA;Campus - Setor Sul;;Portaria MEC n.° 609 de 14/03/2019, publicada no DOU em 18/03/2019;
PPG-ZOO-M;Mestrado em Zoologia;Pós-Graduação Stricto Sensu;Integral (Matutino e Vespertino);Mestrado;ZOOLOGIA;Campus - Setor Sul;;Portaria MEC n.° 609 de 14/03/2019, publicada no DOU em 18/03/2019;
AP-GPPS;Aperfeiçoamento em Gestão e Planejamento em Política de Saúde;Pós-Graduação Lato Sensu;Diurno;Aperfeiçoamento;CIÊNCIAS HUMANAS;Campus - Setor Norte;;Resolução No. 01/2007 do Conselho Nacional de Educação;
PL-ADR;Especialização em Agricultura e Desenvolvimento Regional;Pós-Graduação Lato Sensu;Vespertino;Especialização;ADMINISTRAÇÃO;Campus - Setor Norte;;012/2003 - CONSEPE;
PL-CAI;Especialização em Circuitos Analógicos Integrados;Pós-Graduação Lato Sensu;Noturno;Especialização;ENGENHARIA ELÉTRICA;Campus - Setor Norte;;Resolução nº 012/2004;
PL-CDI;Especialização em Circuitos Digitais Integrados;Pós-Graduação Lato Sensu;Noturno;Especialização;ENGENHARIA ELÉTRICA;Campus - Setor Norte;;Resolução nº 012/2004;
PL-DPC;Especialização em Direito Processual Civil;Pós-Graduação Lato Sensu;Vespertino;Especialização;DIREITO;Campus - Setor Norte;;Resolução nº 033/97;
PL-DPPP;Especialização em Direito Penal e Processual Penal;Pós-Graduação Lato Sensu;Vespertino;Especialização;CIÊNCIAS HUMANAS;Campus - Setor Norte;;Rsolução nº 012/98;
PL-DT;Especialização em Direito Tributário;Pós-Graduação Lato Sensu;Vespertino;Especialização;DIREITO;Campus - Setor Norte;;Resolução nº 014/98;
PL-EP;Especialização em Engenharia de Produção;Pós-Graduação Lato Sensu;Noturno;Especialização;ENGENHARIA DE PRODUÇÃO;Campus - Setor Norte;;Resolução nº 046/99 CONSEP;
PL-ERG;Especialização em Ergonomia;Pós-Graduação Lato Sensu;Matutino;Especialização;EDUCAÇÃO FÍSICA;Campus - Setor Norte;;Resolução nº 041/2003;
PL-ETICA;Especialização em Ética;Pós-Graduação Lato Sensu;Vespertino;Especialização;FILOSOFIA;Campus - Setor Norte;;Resolução nº 003/2002;
PL-GE;Especialização em Gestão da Educação (Manaus);Pós-Graduação Lato Sensu;Noturno;Especialização;EDUCAÇÃO;Campus - Setor Norte;;Resolução nº 020/2005;
PL-HHA;Especialização em História e Historiografia da Amazônia;Pós-Graduação Lato Sensu;Vespertino;Especialização;HISTÓRIA;Campus - Setor Norte;;Resolução nº 005/2003;
PL-IC;Especialização em Internet das Coisas;Pós-Graduação Lato Sensu;Integral (Matutino e Vespertino);Especialização;CIENCIAS EXATAS E DA TERRA;Campus - Setor Norte;;Resolução 014/2018 - CONSEPE;
PL-LLL;Especialização em Língua e Literatura Latina;Pós-Graduação Lato Sensu;Vespertino;Especialização;LÍNGUA PORTUGUESA;Campus - Setor Norte;;Resolução nº 031/2004;
PL-ME;Especialização em Microssistemas Eletrônicos;Pós-Graduação Lato Sensu;Noturno;Especialização;ENGENHARIA ELÉTRICA;Campus - Setor Norte;;Resolução nº 012/2004;
PL-MIC;Especialização em Monit. e Inteligência Competitiva;Pós-Graduação Lato Sensu;Vespertino;Especialização;CIÊNCIAS HUMANAS;Campus - Setor Norte;;Resolução nº 060/2002 CONSEPE - 27/09/2002;
PL-PCL;Especialização em Psicologia Clínica (Manaus);Pós-Graduação Lato Sensu;Vespertino;Especialização;PSICOLOGIA;Campus - Setor Norte;;Resolução nº 004/2004 - CONSEPE;
PL-PDR;Especialização em População e Desenvolvimento Regional;Pós-Graduação Lato Sensu;Vespertino;Especialização;ADMINISTRAÇÃO;Campus - Setor Norte;;Resolução 011/2003 - CONSEPE;
PL-PSIC;Especialização em Psicopedagogia (Manaus);Pós-Graduação Lato Sensu;Vespertino;Especialização;PSICOLINGÜÍSTICA;Campus - Setor Norte;;Resolução nº 009/98 - CONSUNI;
PL-SE;Especialização em Supervisão Educacional (Manaus);Pós-Graduação Lato Sensu;Noturno;Especialização;EDUCAÇÃO;Campus - Setor Norte;;Resolução nº 007/98;
PL-SSGPS;Especialização em Serviço Social e a Gestão em Política de Saúde;Pós-Graduação Lato Sensu;Vespertino;Especialização;CIÊNCIAS HUMANAS;Campus - Setor Norte;;Resolução Nº 045/2005;
PL-TM;Especialização em Tecnologia Multimidia;Pós-Graduação Lato Sensu;Vespertino;Especialização;ARTES DO VÍDEO;Campus - Setor Norte;;Resolução nº 020/2004;
PPG-ALG-M;Mestrado em Matemática - Álgebra;Pós-Graduação Stricto Sensu;Integral (Matutino e Vespertino);Mestrado;MATEMÁTICA;Campus - Setor Norte;;Portaria MEC n.° 656 de 22/05/2017, publicada no DOU em 27/07/2017;
PPG-ANS-D;Doutorado em Antropologia Social;Pós-Graduação Stricto Sensu;Integral (Matutino e Vespertino);Doutorado;ANTROPOLOGIA;Campus - Setor Norte;;Portaria MEC n.° 609 de 14/03/2019, publicada no DOU em 18/03/2019;
PPG-ANS-M;Mestrado em Antropologia Social;Pós-Graduação Stricto Sensu;Integral (Matutino e Vespertino);Mestrado;ANTROPOLOGIA;Campus - Setor Norte;;Portaria MEC n.° 609 de 14/03/2019, publicada no DOU em 18/03/2019;
PPG-BIOT-D;Doutorado em Biotecnologia;Pós-Graduação Stricto Sensu;Integral (Matutino e Vespertino);Doutorado;BIOTECNOLOGIA;Campus - Setor Norte;;Portaria MEC n.° 609 de 14/03/2019, publicada no DOU em 18/03/2019;
PPG-CASA-D;Doutorado em Ciências do Ambiente e Sustentabilidade na Amazônia;Pós-Graduação Stricto Sensu;Integral (Matutino e Vespertino);Doutorado;CIÊNCIAS AMBIENTAIS;Campus - Setor Norte;;Portaria MEC n.° 609 de 14/03/2019, publicada no DOU em 18/03/2019;
PPG-CEM-M;Mestrado em Ciência e Engenharia de Materiais;Pós-Graduação Stricto Sensu;Integral (Matutino e Vespertino);Mestrado;MATERIAIS;Campus - Setor Norte;;Portaria MEC n.° 609 de 14/03/2019, publicada no DOU em 18/03/2019;
PPG-COM-M;Mestrado em Ciência da Comunicação;Pós-Graduação Stricto Sensu;Integral (Matutino e Vespertino);Mestrado;COMUNICAÇÃO;Campus - Setor Norte;;Portaria MEC n.° 656 de 22/05/2017, publicada no DOU em 27/07/2017;
PPG-DES-M;Mestrado em Design;Pós-Graduação Stricto Sensu;Integral (Matutino e Vespertino);Mestrado Profissional;CIENCIAS EXATAS E DA TERRA;Campus - Setor Norte;;Portaria MEC n.° 816 de 04/07/2017, publicada no DOU em 05/07/2017;
PPG-DIR-M;Mestrado em Direito;Pós-Graduação Stricto Sensu;Integral (Matutino e Vespertino);Mestrado;DIREITO;Campus - Setor Norte;;Portaria MEC n.° 479, de 13/05/2020, publicado no DOU 92 em 15/05/2020.;
PPG-ECIM;Mestrado em Ensino de Ciências e Matemática;Pós-Graduação Stricto Sensu;Integral (Matutino e Vespertino);Mestrado;CIENCIAS EXATAS E DA TERRA;Campus - Setor Norte;;Portaria MEC n.° 609 de 14/03/2019, publicada no DOU em 18/03/2019;
PPG-EDA-D;Doutorado em Educação na Amazônia;Pós-Graduação Stricto Sensu;Integral (Matutino e Vespertino);Doutorado;EDUCAÇÃO;Campus - Setor Norte;;Portaria MEC Nº 475, de 12 de maio de 2020, DOU nº 91, publicado em 14/05/2020;
PPG-EDU-D;Doutorado em Educação;Pós-Graduação Stricto Sensu;Integral (Matutino e Vespertino);Doutorado;EDUCAÇÃO;Campus - Setor Norte;;Portaria MEC n.° 656 de 22/05/2017, publicada no DOU em 27/07/2017;
PPG-EDU-M;Mestrado em Educação;Pós-Graduação Stricto Sensu;Integral (Matutino e Vespertino);Mestrado;EDUCAÇÃO;Campus - Setor Norte;;Portaria MEC n.° 656 de 22/05/2017, publicada no DOU em 27/07/2017;
PPG-ENC-M;Mestrado em Engenharia Civil;Pós-Graduação Stricto Sensu;Integral (Matutino e Vespertino);Mestrado;ENGENHARIA CIVIL;Campus - Setor Norte;;Portaria MEC n.° 609 de 14/03/2019, publicada no DOU em 18/03/2019;
PPG-ENE-D;Doutorado em Engenharia Elétrica;Pós-Graduação Stricto Sensu;Integral (Matutino e Vespertino);Doutorado;ENGENHARIA ELÉTRICA;Campus - Setor Norte;;Portaria MEC n.° 609 de 14/03/2019, publicada no DOU em 18/03/2019;
PPG-ENE-M;Mestrado em Engenharia Elétrica;Pós-Graduação Stricto Sensu;Integral (Matutino e Vespertino);Mestrado;ENGENHARIA ELÉTRICA;Campus - Setor Norte;;Portaria MEC n.° 609 de 14/03/2019, publicada no DOU em 18/03/2019;
PPG-ENP-M;Mestrado em Engenharia de Produção;Pós-Graduação Stricto Sensu;Integral (Matutino e Vespertino);Mestrado Profissional;ENGENHARIA DE PRODUÇÃO;Campus - Setor Norte;;Portaria MEC n.° 656 de 22/05/2017, publicada no DOU em 27/07/2017;
PPG-FILO-M;Mestrado Profissional em Filosofia;Pós-Graduação Stricto Sensu;Integral (Matutino e Vespertino);Mestrado Profissional;FILOSOFIA;Campus - Setor Norte;;Portaria MEC n.° 259 de 15/02/2017, publicada no DOU em 16/02/2017;
PPG-FIS-D;Doutorado em Física;Pós-Graduação Stricto Sensu;Integral (Matutino e Vespertino);Doutorado;FÍSICA;Campus - Setor Norte;;Portaria MEC n.° 609 de 14/03/2019, publicada no DOU em 18/03/2019;
PPG-FIS-M;Mestrado em Física;Pós-Graduação Stricto Sensu;Integral (Matutino e Vespertino);Mestrado;FÍSICA;Campus - Setor Norte;;Portaria MEC n.° 609 de 14/03/2019, publicada no DOU em 18/03/2019;
PPG-GEOA-M;Mestrado em Geociências - Geologia Ambiental;Pós-Graduação Stricto Sensu;Integral (Matutino e Vespertino);Mestrado;GEOCIÊNCIAS;Campus - Setor Norte;;Portaria MEC n.° 609 de 14/03/2019, publicada no DOU em 18/03/2019;
PPG-GEOC-M;Mestrado em Geociências;Pós-Graduação Stricto Sensu;Integral (Matutino e Vespertino);Mestrado;GEOCIÊNCIAS;Campus - Setor Norte;;Portaria MEC n.° 609 de 14/03/2019, publicada no DOU em 18/03/2019;
PPG-GEO-M;Mestrado em Geografia;Pós-Graduação Stricto Sensu;Integral (Matutino e Vespertino);Mestrado;GEOGRAFIA;Campus - Setor Norte;;Portaria MEC n.° 656 de 22/05/2017, publicada no DOU em 27/07/2017;
PPG-GEOR-M;Mestrado em Geociências - Geologia Regional;Pós-Graduação Stricto Sensu;Integral (Matutino e Vespertino);Mestrado;GEOCIÊNCIAS;Campus - Setor Norte;;Portaria MEC n.° 609 de 14/03/2019, publicada no DOU em 18/03/2019;
PPG-HIC-M;Mestrado em História - Cultura;Pós-Graduação Stricto Sensu;Integral (Matutino e Vespertino);Mestrado;HISTÓRIA;Campus - Setor Norte;;Portaria MEC n.° 656 de 22/05/2017, publicada no DOU em 27/07/2017;
PPG-HIP-M;Mestrado em História -  Política;Pós-Graduação Stricto Sensu;Integral (Matutino e Vespertino);Mestrado;HISTÓRIA;Campus - Setor Norte;;Portaria MEC n.° 656 de 22/05/2017, publicada no DOU em 27/07/2017;
PPG-HIS-M;Mestrado em História;Pós-Graduação Stricto Sensu;Integral (Matutino e Vespertino);Mestrado;HISTÓRIA;Campus - Setor Norte;;Portaria MEC n.° 656 de 22/05/2017, publicada no DOU em 27/07/2017;
PPG-HIT-M;Mestrado em História - Trabalho;Pós-Graduação Stricto Sensu;Integral (Matutino e Vespertino);Mestrado;HISTÓRIA;Campus - Setor Norte;;Portaria MEC n.° 656 de 22/05/2017, publicada no DOU em 27/07/2017;
PPG-INF-M;Mestrado em Informática;Pós-Graduação Stricto Sensu;Integral (Matutino e Vespertino);Mestrado;CIÊNCIA DA COMPUTAÇÃO;Campus - Setor Norte;;Portaria MEC n.° 609 de 14/03/2019, publicada no DOU em 18/03/2019;
PPG-LET-M;Mestrado em Letras;Pós-Graduação Stricto Sensu;Integral (Matutino e Vespertino);Mestrado;LETRAS;Campus - Setor Norte;;Portaria MEC n.° 609 de 14/03/2019, publicada no DOU em 18/03/2019;
PPG-MAT-D;Doutorado em Matemática;Pós-Graduação Stricto Sensu;Integral (Matutino e Vespertino);Doutorado;ANÁLISE;Campus - Setor Norte;;Portaria MEC n.° 656 de 22/05/2017, publicada no DOU em 27/07/2017;
PPG-MAT-M;Mestrado em Matemática;Pós-Graduação Stricto Sensu;Integral (Matutino e Vespertino);Mestrado;MATEMÁTICA;Campus - Setor Norte;;Portaria MEC n.° 656 de 22/05/2017, publicada no DOU em 27/07/2017;
PPG-MAT-MP;Mestrado Profissional em Matemática em Rede Nacional;Pós-Graduação Stricto Sensu;Integral (Matutino e Vespertino);Mestrado Profissional;MATEMÁTICA;Campus - Setor Norte;;Portaria MEC n.° 656 de 22/05/2017, publicada no DOU em 27/07/2017;
PPG-MCG-M;Mestrado em Matemática - Computação Gráfica;Pós-Graduação Stricto Sensu;Integral (Matutino e Vespertino);Mestrado;MATEMÁTICA;Campus - Setor Norte;;Portaria MEC n.° 656 de 22/05/2017, publicada no DOU em 27/07/2017;
PPG-MES-M;Mestrado em Matemática - Estatística;Pós-Graduação Stricto Sensu;Integral (Matutino e Vespertino);Mestrado;MATEMÁTICA;Campus - Setor Norte;;Portaria MEC n.° 656 de 22/05/2017, publicada no DOU em 27/07/2017;
PPG-MGE-M;Mestrado em Matemática - Geometria;Pós-Graduação Stricto Sensu;Integral (Matutino e Vespertino);Mestrado;MATEMÁTICA;Campus - Setor Norte;;Portaria MEC n.° 656 de 22/05/2017, publicada no DOU em 27/07/2017;
PPG-MOT-M;Mestrado em Matemática - Otimização;Pós-Graduação Stricto Sensu;Integral (Matutino e Vespertino);Mestrado;MATEMÁTICA;Campus - Setor Norte;;Portaria MEC n.° 656 de 22/05/2017, publicada no DOU em 27/07/2017;
PPG-QFQ-M;Mestrado em Química - Físico-Química;Pós-Graduação Stricto Sensu;Matutino;Mestrado;QUÍMICA;Campus - Setor Norte;;Portaria MEC n.° 656 de 22/05/2017, publicada no DOU em 27/07/2017;
PPG-QOR-M;Mestrado em Química - Orgânica;Pós-Graduação Stricto Sensu;Integral (Matutino e Vespertino);Mestrado;QUÍMICA ORGÂNICA;Campus - Setor Norte;;Portaria MEC n.° 656 de 22/05/2017, publicada no DOU em 27/07/2017;
PPG-QPN;Mestrado em Química de Prod. Naturais;Pós-Graduação Stricto Sensu;Diurno;Mestrado;QUÍMICA;Campus - Setor Norte;;Portaria MEC n.° 656 de 22/05/2017, publicada no DOU em 27/07/2017;
PPG-SCA-D;Doutorado em Sociedade e Cultura na Amazônia;Pós-Graduação Stricto Sensu;Integral (Matutino e Vespertino);Doutorado;CIÊNCIAS HUMANAS;Campus - Setor Norte;;Portaria MEC n.° 609 de 14/03/2019, publicada no DOU em 18/03/2019;
PPG-SCA-M;Mestrado em Sociedade e Cultura na Amazônia;Pós-Graduação Stricto Sensu;Integral (Matutino e Vespertino);Mestrado;CIÊNCIAS HUMANAS;Campus - Setor Norte;;Portaria MEC n.° 609 de 14/03/2019, publicada no DOU em 18/03/2019;
PPG-SES-M;Mestrado em Serviço Social e Sustentabilidade na Amazônia;Pós-Graduação Stricto Sensu;Integral (Matutino e Vespertino);Mestrado;SERVIÇO SOCIAL;Campus - Setor Norte;;Portaria MEC n.° 609 de 14/03/2019, publicada no DOU em 18/03/2019;
PPG-SOC-M;Mestrado em Sociologia;Pós-Graduação Stricto Sensu;Integral (Matutino e Vespertino);Mestrado;SOCIOLOGIA;Campus - Setor Norte;;Portaria MEC n.° 609 de 14/03/2019, publicada no DOU em 18/03/2019;
PROFNIT-MP;Mestrado Profissional em Propriedade Intelectual e Transferência de Tecnologia para Inovação;Pós-Graduação Stricto Sensu;Integral (Matutino e Vespertino);Mestrado Profissional;CIÊNCIAS HUMANAS;Campus - Setor Norte;;Portaria MEC n.° 609 de 14/03/2019, publicada no DOU em 18/03/2019;
PL-DE;Especialização em Direito Eleitoral;Pós-Graduação Lato Sensu;Integral (Matutino e Vespertino);Especialização;DIREITO;Campus - Setor Norte;Resolução n° 004/2019 CONSEPE;Resolução n° 004/2019 CONSEPE;
PL-EMM;Especialização em Ensino de Matemática (Maués);Pós-Graduação Lato Sensu;Noturno;Especialização;MATEMÁTICA;Campus - Setor Sul;Portaria nº 1270/2007;;
PL-INDR;Especialização em Industrialização e Desenvolvimento Regional;Pós-Graduação Lato Sensu;Vespertino;Especialização;ADMINISTRAÇÃO;Campus - Setor Norte;Resolução nº 015/2003 CONSEPE;;
PL-MBA-GP;MBA Executivo em Gerenciamento de Projetos;Pós-Graduação Lato Sensu;Noturno;MBA;CIÊNCIAS SOCIAIS APLICADAS;Campus - Setor Norte;Resolução n° 026/2010 CONSEPE;Resolução n°001/2007 CNE;
PPG-ASA;Mestrado em Agricultura e Sustentabilidade na Amazônia;Pós-Graduação Stricto Sensu;Diurno;Mestrado;CIÊNCIAS AGRÁRIAS;Campus - Setor Sul;Portaria 1523/94;Portaria n.º 2538 CAPES/MEC - Publicado no D.O.U n.º 173 de 06/09/2002;
PPG-CAL-M;Mestrado em Ciência de Alimentos;Pós-Graduação Stricto Sensu;Integral (Matutino e Vespertino);Mestrado;CIÊNCIA E TECNOLOGIA DE ALIMENTOS;Faculdade de Ciências Farmacêuticas;Resolução nº 001/84 - CONSUNI;Parecer CES 153/2002 - DOU nº 136;
PPG-CARP-D;Doutorado em Ciência Animal e Recursos Pesqueiros;Pós-Graduação Stricto Sensu;Integral (Matutino e Vespertino);Doutorado;CIÊNCIAS AGRÁRIAS;Campus - Setor Sul;O ofício nº 670/06 DPG/PROPESP de 20 de dezembro/2006 da Pró-reitoria da UFAM comunica o início das atividades do Programa com o início da aulas para 03/2007. Stella wolff em 28/02/2007. Este curso faz parte da clientela especial do CTC que julgou a Aval;Portaria Nro 194, de 4 de dezembro de 2020, publicado no DOU em 8 de dezembro de 2020.;
PPG-CCAF;Mestrado Profissionalizante em  Ciências do Ambiente e Sustentabilidade na Amazônia;Pós-Graduação Stricto Sensu;Integral (Matutino e Vespertino);Mestrado Profissional;AGROPECUÁRIA E PESCA;Campus - Setor Sul;Resolução 008/2000-UFAM;D.0.U. Nº 118 - 23.06.2003;
PPG-CCO-M;Mestrado Profissional em Contabilidade e Controladoria;Pós-Graduação Stricto Sensu;Integral (Matutino e Vespertino);Mestrado Profissional;CIÊNCIAS CONTÁBEIS;Campus - Setor Norte; Aguardando homologação pelo CNE;Parecer CES 173/2006 - DOU nº 142;
PPG-DER-M;Mestrado em Desenvolvimento Regional;Pós-Graduação Stricto Sensu;Integral (Matutino e Vespertino);Mestrado;ECONOMIA REGIONAL E URBANA;Campus - Setor Norte;Resolução N.º 056/99 - CONSEPE;Parecer CES 314/2004 - DOU nº 246;
PPG-PAT-M;Mestrado em Patologia Tropical;Pós-Graduação Stricto Sensu;Integral (Matutino e Vespertino);Mestrado;ANATOMIA PATOLÓGICA E PATOLOGIA CLÍNICA;Faculdade de Medicina;Resolução N.º 001/95 - CONSUNI;Portaria MEC n.° 2.530 de 04/09/2002, publicada no DOU  n.° 173 em 06/09/2002;
PPG-QAN-M;Mestrado em Química - Analítica;Pós-Graduação Stricto Sensu;Integral (Matutino e Vespertino);Mestrado;QUÍMICA ANALÍTICA;Campus - Setor Norte;Resolução n. 017/86;Portaria MEC n.° 656 de 22/05/2017, publicada no DOU em 27/07/2017;
PPG-QUI-M;Mestrado em Química;Pós-Graduação Stricto Sensu;Integral (Matutino e Vespertino);Mestrado;QUÍMICA;Campus - Setor Norte;Resolução nº 017/86;Portaria MEC n.° 656 de 22/05/2017, publicada no DOU em 27/07/2017;
EM01;Enfermagem;Ensino Superior - Graduação Regular;Diurno;;;;;;
FA01;Administração;Ensino Superior - Graduação Regular;Matutino;;;;;;
FA02;Administração;Ensino Superior - Graduação Regular;Noturno;;;;;;
FA03;Ciências Contábeis;Ensino Superior - Graduação Regular;Vespertino;;;;;;
FA04;Ciências Contábeis;Ensino Superior - Graduação Regular;Noturno;;;;;;
FA05;Ciências Econômicas;Ensino Superior - Graduação Regular;Matutino;;;;;;
FA06;Ciências Econômicas;Ensino Superior - Graduação Regular;Noturno;;;;;;
FD01;Direito;Ensino Superior - Graduação Regular;Diurno;;;;;;
FD02;Direito;Ensino Superior - Graduação Regular;Noturno;;;;;;
FE02;Pedagogia;Ensino Superior - Graduação Regular;Matutino;;;;;;
FE03;Pedagogia;Ensino Superior - Graduação Regular;Vespertino;;;;;;
FE06-FP;Psicologia - Formação do Psicólogo;Ensino Superior - Graduação Regular;Noturno;;;;;;
FG01;Agronomia;Ensino Superior - Graduação Regular;Diurno;;;;;;
FG02;Engenharia Florestal;Ensino Superior - Graduação Regular;Diurno;;;;;;
FG03;Engenharia de Pesca;Ensino Superior - Graduação Regular;Diurno;;;;;;
FG04;Zootecnia;Ensino Superior - Graduação Regular;Diurno;;;;;;
FG05;Engenharia de Alimentos;Ensino Superior - Graduação Regular;Diurno;;;;;;
FS01;Farmácia;Ensino Superior - Graduação Regular;Diurno;;;;;;
FS02;Medicina;Ensino Superior - Graduação Regular;Diurno;;;;;;
FS03;Odontologia;Ensino Superior - Graduação Regular;Diurno;;;;;;
FT01;Engenharia Civil;Ensino Superior - Graduação Regular;Diurno;;;;;;
FT02-E;Engenharia Elétrica - Eletrônica;Ensino Superior - Graduação Regular;Diurno;;;;;;
FT02-ET;Engenharia Elétrica - Eletrotécnica;Ensino Superior - Graduação Regular;Diurno;;;;;;
FT02-T;Engenharia Elétrica - Telecomunicações;Ensino Superior - Graduação Regular;Diurno;;;;;;
FT05;Engenharia da Computação;Ensino Superior - Graduação Regular;Diurno;;;;;;
FT06;Engenharia de Produção;Ensino Superior - Graduação Regular;Vespertino/Noturno;;;;;;
FT07;Design;Ensino Superior - Graduação Regular;Diurno;;;;;;
FT08;Engenharia de Materiais;Ensino Superior - Graduação Regular;Diurno;;;;;;
FT09;Engenharia Mecânica;Ensino Superior - Graduação Regular;Diurno;;;;;;
FT10;Arquitetura e Urbanismo;Ensino Superior - Graduação Regular;Vespertino/Noturno;;;;;;
FT11;Engenharia de Petróleo e Gás;Ensino Superior - Graduação Regular;Vespertino/Noturno;;;;;;
FT12;Engenharia Química;Ensino Superior - Graduação Regular;Vespertino/Noturno;;;;;;
IB01-B;Ciências Biológicas - Bacharelado;Ensino Superior - Graduação Regular;Diurno;;;;;;
IB01-L;Ciências Biológicas - Licenciatura;Ensino Superior - Graduação Regular;Diurno;;;;;;
IB02;Educação Física;Ensino Superior - Graduação Regular;Diurno;;;;;;
IB05;Ciências Naturais;Ensino Superior - Graduação Regular;Diurno;;;;;;
IB06;Educação Física - Promoção em Saúde e Lazer;Ensino Superior - Graduação Regular;Vespertino;;;;;;
IB07;Educação Física - Treinamento Esportivo;Ensino Superior - Graduação Regular;Vespertino;;;;;;
IB08;Fisioterapia;Ensino Superior - Graduação Regular;Integral (Matutino e Vespertino);;;;;;
IB09;Biotecnologia;Ensino Superior - Graduação Regular;Noturno;;;;;;
IB14;Ciências Naturais;Ensino Superior - Graduação Regular;Noturno;;;;;;
IB15;Ciências Biológicas;Ensino Superior - Graduação Regular;Noturno;;;;;;
IB16;Educação Física;Ensino Superior - Graduação Regular;Noturno;;;;;;
IE01;Estatística;Ensino Superior - Graduação Regular;Vespertino/Noturno;;;;;;
IE02;Geologia;Ensino Superior - Graduação Regular;Diurno;;;;;;
IE03-B;Matemática - Bacharelado;Ensino Superior - Graduação Regular;Diurno;;;;;;
IE03-L;Matemática - Licenciatura;Ensino Superior - Graduação Regular;Matutino;;;;;;
IE07;Matemática - Licenciatura;Ensino Superior - Graduação Regular;Noturno;;;;;;
IE08;Ciência da Computação;Ensino Superior - Graduação Regular;Diurno;;;;;;
IE09;Química - Licenciatura;Ensino Superior - Graduação Regular;Noturno;;;;;;
IE10;Física - Licenciatura;Ensino Superior - Graduação Regular;Noturno;;;;;;
IE11;Química - Bacharelado;Ensino Superior - Graduação Regular;Diurno;;;;;;
IE13;Física - Licenciatura;Ensino Superior - Graduação Regular;Diurno;;;;;;
IE14;Física - Bacharelado;Ensino Superior - Graduação Regular;Diurno;;;;;;
IE16;Matemática Aplicada;Ensino Superior - Graduação Regular;Diurno;;;;;;
IE17;Engenharia de Software;Ensino Superior - Graduação Regular;Vespertino/Noturno;;;;;;
IE18;Matemática Pura e Aplicada;Ensino Superior - Graduação Regular;Diurno;;;;;;
IH01;Biblioteconomia;Ensino Superior - Graduação Regular;Matutino;;;;;;
IH06;Serviço Social;Ensino Superior - Graduação Regular;Vespertino;;;;;;
IH07-B;Geografia - Bacharelado;Ensino Superior - Graduação Regular;Matutino;;;;;;
IH07-L;Geografia - Licenciatura;Ensino Superior - Graduação Regular;Matutino;;;;;;
IH08;História;Ensino Superior - Graduação Regular;Matutino;;;;;;
IH10;Ciências Sociais - Bacharelado;Ensino Superior - Graduação Regular;Matutino;;;;;;
IH12;Comunicação Social - Relações Públicas;Ensino Superior - Graduação Regular;Diurno;;;;;;
IH13;Letras - Língua e Literatura Portuguesa;Ensino Superior - Graduação Regular;Noturno;;;;;;
IH14;Filosofia;Ensino Superior - Graduação Regular;Vespertino;;;;;;
IH15;Letras - Língua e Literatura Inglesa;Ensino Superior - Graduação Regular;Vespertino;;;;;;
IH16;Letras - Língua e Literatura Francesa;Ensino Superior - Graduação Regular;Vespertino;;;;;;
IH19;Música;Ensino Superior - Graduação Regular;Matutino;;;;;;
IH20;História;Ensino Superior - Graduação Regular;Noturno;;;;;;
IH21;Letras - Língua e Literatura Espanhola;Ensino Superior - Graduação Regular;Matutino;;;;;;
IH22;Geografia - Licenciatura;Ensino Superior - Graduação Regular;Noturno;;;;;;
IH23;Letras - Língua e Literatura Portuguesa;Ensino Superior - Graduação Regular;Vespertino;;;;;;
IH25;Arquivologia;Ensino Superior - Graduação Regular;Noturno;;;;;;
IH26;Serviço Social;Ensino Superior - Graduação Regular;Noturno;;;;;;
IH27;Comunicação Social - Jornalismo;Ensino Superior - Graduação Regular;Diurno;;;;;;
IH28;Música;Ensino Superior - Graduação Regular;Noturno;;;;;;
IH29;Letras - Língua e Literatura Japonesa;Ensino Superior - Graduação Regular;Noturno;;;;;;
IH30;Artes Visuais;Ensino Superior - Graduação Regular;Matutino;;;;;;
IH31;Artes Visuais;Ensino Superior - Graduação Regular;Noturno;;;;;;
IH32;Letras - Língua Brasileira de Sinais/LIBRAS;Ensino Superior - Graduação Regular;Vespertino;;;;;;
IN01;Administração;Ensino Superior - Graduação Regular;Diurno;;;;;;
IN02;Pedagogia;Ensino Superior - Graduação Regular;Diurno;;;;;;
IN03;Antropologia;Ensino Superior - Graduação Regular;Diurno;;;;;;
IN05;Letras - Língua e Literatura Portuguesa e Língua e Literatura Espanhola;Ensino Superior - Graduação Regular;Diurno;;;;;;
IN06;Ciências - Biologia e Química;Ensino Superior - Graduação Regular;Diurno;;;;;;
IN07;Ciências Agrárias e do Ambiente;Ensino Superior - Graduação Regular;Diurno;;;;;;
IS01;Nutrição;Ensino Superior - Graduação Regular;Diurno;;;;;;
IS02;Biotecnologia;Ensino Superior - Graduação Regular;Diurno;;;;;;
IS03;Fisioterapia;Ensino Superior - Graduação Regular;Diurno;;;;;;
IS04;Enfermagem;Ensino Superior - Graduação Regular;Diurno;;;;;;
IS05;Ciências - Matemática e Física;Ensino Superior - Graduação Regular;Vespertino/Noturno;;;;;;
IS06;Ciências - Biologia e Química;Ensino Superior - Graduação Regular;Diurno;;;;;;
IS07;Medicina;Ensino Superior - Graduação Regular;Diurno;;;;;;
IA01;Agronomia;Ensino Superior - Graduação Regular;Diurno;;;;;;
IA02;Engenharia Ambiental;Ensino Superior - Graduação Regular;Diurno;;;;;;
IA03;Ciências - Biologia e Química;Ensino Superior - Graduação Regular;Diurno;;;;;;
IA04;Pedagogia;Ensino Superior - Graduação Regular;Diurno;;;;;;
IA05;Letras - Língua Portuguesa e Língua Inglesa;Ensino Superior - Graduação Regular;Diurno;;;;;;
IA06;Ciências - Matemática e Física;Ensino Superior - Graduação Regular;Diurno;;;;;;
IT01;Sistemas de Informação;Ensino Superior - Graduação Regular;Noturno;;;;;;
IT02;Farmácia;Ensino Superior - Graduação Regular;Diurno;;;;;;
IT03;Engenharia de Produção;Ensino Superior - Graduação Regular;Diurno;;;;;;
IT04;Ciências - Matemática e Física;Ensino Superior - Graduação Regular;Noturno;;;;;;
IT05;Ciências - Química e Biologia;Ensino Superior - Graduação Regular;Integral (Matutino e Vespertino);;;;;;
IT06;Química Industrial;Ensino Superior - Graduação Regular;Diurno;;;;;;
IT16;Engenharia de Software;Ensino Superior - Graduação Regular;Diurno;;;;;;
IT17;Engenharia Sanitária;Ensino Superior - Graduação Regular;Diurno;;;;;;
IT18;Agronomia;Ensino Superior - Graduação Regular;Diurno;;;;;;
IP01;Administração;Ensino Superior - Graduação Regular;Noturno;;;;;;
IP02;Comunicação Social - Jornalismo;Ensino Superior - Graduação Regular;Noturno;;;;;;
IP03;Educação Física;Ensino Superior - Graduação Regular;Diurno;;;;;;
IP04;Pedagogia;Ensino Superior - Graduação Regular;Matutino;;;;;;
IP05;Serviço Social;Ensino Superior - Graduação Regular;Diurno;;;;;;
IP06;Zootecnia;Ensino Superior - Graduação Regular;Diurno;;;;;;
IP07;Artes Visuais;Ensino Superior - Graduação Regular;Noturno;;;;;;
IH39;Relações Públicas;Ensino Superior - Graduação Regular;Diurno;;;;;;
IT19;Pedagogia;Ensino Superior - Graduação Regular;Noturno;;;;;;
